static const char kernel_config_data[] __used = MAGIC_START
	"\x1f\x8b\x08\x00\x00\x00\x00\x00\x02\x03\x94\x3c\x5d\x77\xdc\xb6"
	"\x8e\xef\xfd\x15\x73\xd2\x7d\xd8\x7d\xd8\xd6\x63\x3b\x8e\x73\xf6"
	"\xf8\x81\x92\xa8\x11\x3b\x92\x28\x93\xd4\x78\x9c\x17\x9d\xa9\x33"
	"\x69\x7d\xae\x63\xe7\xda\xe3\xde\xe6\xdf\x2f\x40\x4a\x23\x92\x22"
	"\xe5\xb4\x0f\xa9\x05\x80\xe0\x17\x08\x80\x00\x38\x3f\xff\xf4\xf3"
	"\x82\xbc\x1e\x9e\xbe\xee\x0e\xf7\x77\xbb\x87\x87\xef\x8b\x3f\xf6"
	"\x8f\xfb\xe7\xdd\x61\xff\x79\xf1\xe5\xfe\x61\xff\x7f\x8b\x8c\x2f"
	"\x6a\xae\x16\x34\x63\xea\x17\x20\x2e\xef\x1f\x5f\xff\xfe\x75\xf7"
	"\xfc\xf5\xe2\x7c\x71\xfe\xcb\xc7\x5f\x96\x1f\x97\x8b\xf5\xfe\xf9"
	"\x71\xff\xb0\x48\x9f\x1e\xbf\xdc\xff\xf1\x0a\x8d\xef\x9f\x1e\x7f"
	"\xfa\xf9\xa7\x94\xd7\x39\x5b\x75\x44\x54\x17\xe7\x57\xdf\x87\xcf"
	"\x8b\xf3\x84\xa9\xf1\x93\x88\xb4\xe8\x9a\xe2\x56\x76\x24\xcb\x44"
	"\xa7\x7c\x7c\x55\xb5\xe3\x47\x46\x93\x76\xd5\x09\x9e\x11\x45\x6c"
	"\x16\xd0\x41\xd7\x90\x15\xed\x64\xc1\x72\x75\xb5\x3c\x75\x51\xf0"
	"\xa1\x7a\xd4\xb9\xd3\x6f\x55\x91\xa6\x13\x75\xd6\x41\x97\xb2\xab"
	"\x58\x7d\xb5\xbc\x9c\x23\x20\xdb\xab\xd3\x08\x87\x94\x57\x0d\x51"
	"\x16\xa3\xe5\x0f\xd0\x01\xbf\xe5\xc5\x40\x27\x15\x49\xd7\x4a\x90"
	"\x14\xa6\xd1\x36\x0d\x17\xd6\x2a\xb0\xb2\xa4\x2b\x52\x76\x0d\x67"
	"\xb5\xa2\xa2\xdb\x90\xb2\xa5\x57\x27\x7f\x7f\xde\xef\x3e\x9f\x58"
	"\xff\x0d\xf4\x25\x4f\xd7\x19\x6d\xa6\x8c\x0c\x7f\x26\xae\xf3\x92"
	"\xac\xe4\x14\x2f\x6e\x24\xad\xba\x6d\x5a\xac\x60\x3b\x3a\x52\xae"
	"\xb8\x60\xaa\xa8\x46\x82\x15\xad\xa9\x60\x69\x07\x1b\x11\x04\x76"
	"\x82\x96\x44\xb1\x0d\x1d\xc6\x2a\xa7\x64\xc5\x0d\x65\xab\x42\x4d"
	"\x11\xa9\x6c\x03\x5d\xa5\xa4\x64\x89\x20\x8a\xc2\xfe\x97\xe4\x16"
	"\x08\x7e\x5e\xf4\x24\x9f\x78\x0d\xd0\x8a\x2c\xee\x5f\x16\x8f\x4f"
	"\x87\xc5\xcb\xfe\x30\xb4\x2e\x08\x8c\x61\x60\x21\xd2\xb6\x5b\xb5"
	"\x8d\x27\x76\xd0\x30\x22\x75\x35\xa5\x99\x46\xe3\xb6\xc1\xc6\x28"
	"\xea\xe1\xe4\x4a\xa3\x4b\x5a\xaf\x54\x31\xe2\x64\x65\xf5\x21\x6f"
	"\x18\x57\x65\x62\xed\x22\x07\x69\xee\x0a\x5a\x36\x54\x8c\xd0\x35"
	"\x15\x35\x2d\xbb\x8a\x67\x14\x78\xf3\x7a\xc4\xe4\x6c\xdb\x51\x22"
	"\xca\x5b\xf8\xee\x2a\x6a\x2d\x4d\xb3\x52\x24\x29\x29\xf4\xbf\xa1"
	"\xa5\xbc\x3a\x1b\x0f\x48\x3e\x48\x00\x93\xea\xea\xdd\xaf\x0f\xf7"
	"\xbf\xff\xfa\xf5\xe9\xf3\xeb\xc3\xfe\xe5\xd7\xff\x6a\x6b\x52\x51"
	"\xdc\x20\x4a\x24\xfd\xf5\x97\x3b\x7d\x5e\xdf\x1d\x47\x27\xae\xbb"
	"\x1b\x2e\xd6\x63\x2f\x49\xcb\xca\x4c\x31\x68\x43\xb7\xa6\x3f\xe9"
	"\x0a\x53\x21\x28\xc9\x3a\x56\xe7\x1c\xfe\xe9\x14\x91\xd8\x18\x4e"
	"\xfe\xcf\x8b\x95\xd6\x22\x0f\xb8\x21\xaf\xdf\x46\x5d\xc0\x6a\xa6"
	"\x3a\x5a\x6f\x60\xfd\x71\x88\x15\xac\xf9\xd9\xf1\xb0\xa6\x82\x4b"
	"\xa9\x0f\x08\x2b\xe9\xd5\xbb\x77\xe3\x36\xf7\xb0\x4e\x51\xa9\x02"
	"\x5b\x0d\xd2\x4e\xca\x0d\x88\x1a\x83\xd5\x7b\xf7\x2e\x04\xee\x48"
	"\xab\xb8\xad\x48\x72\xd2\x96\xaa\x2b\xb8\x54\xb8\x28\x57\xef\xfe"
	"\xfb\xf1\xe9\x71\xff\x3f\xef\xc6\xbd\x23\xf6\x4e\xde\xca\x0d\x6b"
	"\xd2\x09\x00\xff\x9f\xaa\xd2\xda\x17\x2e\x61\xcf\xaa\xeb\x96\xb6"
	"\x34\x0c\x9d\x34\x31\xb3\x86\xdd\xe5\xe2\xb6\x23\x0a\x94\x80\x25"
	"\x4f\x79\x41\xea\xac\xa4\xb6\xc8\xb7\x92\xc2\x71\x08\xac\x02\x69"
	"\x33\x5b\x84\xb5\xfc\x6b\x31\xd7\x08\xec\x96\x94\x56\xbf\x33\xd0"
	"\xee\x86\x28\x7b\x14\x06\xa8\x04\xa5\xc3\xf6\x82\xac\x2c\x5e\x5e"
	"\x7f\x7f\xf9\xfe\x72\xd8\x7f\x1d\xb7\x77\x38\x6e\x28\x4a\x8d\xe0"
	"\x09\x9d\x1e\x66\x44\xc9\x82\xdf\xc4\x31\x46\xa8\xc3\xf8\x8a\xad"
	"\x40\x11\x30\xfb\x90\x14\x44\x64\x80\x02\x5d\x76\x03\xa2\x2d\x69"
	"\x9d\x85\x9b\xa6\x05\xb3\x76\x14\x21\x19\xaf\x08\xab\x43\xb0\xae"
	"\x60\x54\xe0\xda\xdd\x4e\x79\x55\x92\x21\x65\x14\x31\x61\x6b\xb6"
	"\x70\xe0\x6c\x9a\x1e\x77\xd3\xea\x53\x1b\xb7\xc0\xbe\x22\x49\xce"
	"\x45\x0a\x5a\xc7\x1c\x38\x56\x5b\xaa\x57\x36\x44\x48\xea\x8e\x48"
	"\xef\x7a\x8a\x36\x40\xf2\x16\x1a\x76\xae\xbd\x1c\x06\xac\x4f\xf6"
	"\x66\x22\x02\x47\xb5\x8b\x0c\x60\x2b\x6a\x25\x3d\xd6\x05\x91\xd0"
	"\x38\x5d\x77\x89\xe0\x24\x4b\x89\x54\xb3\xad\x1d\x32\x2d\x3e\xea"
	"\xfe\xeb\xfe\xf9\x25\x24\x41\x9a\x2d\x28\x75\x10\x04\x5b\x1d\xf3"
	"\xae\xf8\x84\x5a\xa0\xd2\x3b\x7f\x5c\x3d\x00\x82\x2a\x65\x3c\x63"
	"\x69\x60\xe1\x4c\x2b\xe6\x9d\x1f\x03\xcd\xdb\xb2\x8c\x35\xb1\xb6"
	"\x0e\xcc\x14\x0a\x95\x5e\x2a\x6d\xc9\xf4\xf0\xd3\xa6\xfd\x55\xed"
	"\x5e\xfe\xb5\x38\xc0\x3c\x16\xbb\xc7\xcf\x8b\x97\xc3\xee\xf0\xb2"
	"\xd8\xdd\xdd\x3d\xbd\x3e\x1e\xee\x1f\xff\xf0\x26\x04\x0d\x3a\x92"
	"\xa6\xbc\xad\x95\xd9\xbc\xe3\x68\x36\x4c\x28\x0f\x8d\x4b\x68\x0f"
	"\xcd\x91\x15\xbd\x67\x23\x6d\x90\x4e\xa6\x05\xc8\xca\x0d\x29\x55"
	"\x10\x9d\xc8\x0c\x0f\x67\x4a\x41\xed\x00\xa7\x90\x42\x45\x4d\x8e"
	"\x56\xcf\xda\x78\x04\x19\xfb\xab\x1b\x79\x88\x6d\x00\xc6\x78\x64"
	"\xce\x8d\x64\x76\x9f\x7a\x49\xc1\x40\x2f\xe4\x54\x1c\x1a\xd0\x39"
	"\x55\xa3\xd0\x7e\xdb\x1c\xd0\x9c\xd3\x2d\x6c\x7d\x68\xf0\xd2\x23"
	"\xd6\x93\xc1\x26\x01\x5a\x64\x04\x13\x2d\xcb\x80\x70\xa1\xbe\xd3"
	"\x04\xda\x67\x0a\x2e\xe5\x30\x0e\x50\x8f\xb4\x4b\x38\x0f\x0d\x47"
	"\x1b\x51\xf0\xf7\xea\x53\xcb\x7e\xb0\xb5\xf9\x63\x0a\xd1\x5b\x33"
	"\x82\x4b\x8e\x1c\xf2\xc1\xb1\xfd\x68\xc3\x51\x6c\xc0\x85\xb4\xf1"
	"\xa7\xfe\x31\x34\xb2\xa0\x0f\xa3\x77\x88\x7b\xd7\x4f\x76\x75\x0b"
	"\x8e\x4c\x42\x4a\x52\xa7\x8e\x66\x49\x57\x82\xb7\x8d\xf4\x01\x46"
	"\x4f\x4d\xa0\x39\xac\xd6\x27\xdb\xad\xe9\xe1\x0d\xcb\x42\x2c\x36"
	"\x2c\xb5\x8c\x03\xcc\x44\x52\x5b\xda\x70\x11\xb0\x69\x8f\x99\x30"
	"\x00\xb0\x2b\x71\x3d\x5c\x4f\x57\xb5\xb5\x6d\x7c\xf1\x5e\xa0\xc5"
	"\xd0\x1e\x1d\xd8\xdb\x74\xe5\x7d\x7a\x46\x7f\x84\x81\xc7\x82\xde"
	"\x4f\xe6\xe3\xb4\x56\x46\x83\xdc\x6d\x2a\x4d\xd8\x30\xd0\x5c\xd2"
	"\x16\xa2\xa4\x5c\xf7\x63\x0b\x88\x86\x3d\x68\xcb\xe6\x13\x26\xba"
	"\x20\x26\xcd\x41\x97\x82\x35\xb9\x61\x99\xed\x74\x82\x06\x71\xc9"
	"\x47\xbf\xa9\xdf\x03\x2a\xf2\x78\xf7\x49\x93\x5b\xe6\x84\xa7\xeb"
	"\xe3\x2e\x19\xab\x31\x72\x2b\x68\xba\xd6\x5e\x3d\xea\x44\xc5\x05"
	"\x0d\x69\x50\xf0\xa6\xc0\x26\x81\x76\x19\x99\xb6\x28\x65\xd6\x37"
	"\x7a\x4e\xf6\x37\xac\xa0\x70\x00\xb8\xf3\xf6\x77\x4d\x95\xf9\xf6"
	"\x74\x1c\x3a\x75\xb1\xc5\x35\x14\xae\x2c\x18\x18\x2d\x6c\x2f\x7d"
	"\x70\x05\x71\x1b\xf1\xd0\xac\x40\xc1\xdd\x10\x31\x69\x85\xf8\xbc"
	"\x6c\x61\x64\xda\x05\x1e\x47\x72\x2b\x61\x5b\xe0\xb2\x25\x68\x0a"
	"\xf7\x84\x2c\xac\x28\x50\x71\x86\x94\x43\x89\x4a\x75\xa3\xfd\x62"
	"\x61\xed\xb4\xfe\x26\x15\x30\x36\x16\xdc\xf2\x6a\x45\xd6\xad\x3e"
	"\xd9\xae\x0c\x00\x12\x00\x9c\x3a\x90\xf2\x53\x45\x1c\xc0\xf6\x93"
	"\x87\xe7\xde\xf7\xb9\xb3\xd5\x69\xc7\x1b\xb0\x35\xec\x13\x45\x29"
	"\xd7\x12\xc4\x45\x05\x2a\x22\xb4\xe7\x3e\xb5\x84\x3f\x1c\x5f\xd9"
	"\x71\x78\xb5\x63\x0a\xeb\xb8\xbc\xf0\x69\x40\x97\xa6\xb4\x41\xf7"
	"\xce\xe8\x5c\xeb\x26\x62\xcb\xa8\xd1\xfc\x96\xf8\xb8\xbc\x2a\xd8"
	"\x4d\x86\x22\xe5\xec\xd2\x8a\xaa\x0a\xad\x52\xef\xee\x84\x04\x46"
	"\x6f\xe4\xe8\x0e\xd9\x3b\x8c\x83\x8b\xb7\x5c\x03\x58\xde\x56\x8e"
	"\x80\x0e\xb0\xce\x6b\x12\x20\x48\x24\x2f\x5b\x30\x20\x30\x2b\xd0"
	"\x6b\x33\xfc\xe1\xf0\x4b\x7a\xbc\x60\xdb\xda\x12\xce\xa4\x73\x6f"
	"\xb3\x54\x1b\x2d\x73\x50\x7f\xb6\x3c\x6b\x2e\xe8\x00\x59\x3a\x07"
	"\xfa\xdf\x5a\x6d\x1a\x6e\x63\x25\x5b\xd5\xa4\xcc\x2d\xf9\xd4\xfe"
	"\x90\x0d\xd0\x9e\x9e\x0d\x80\x1d\xeb\x26\xae\xa5\x2c\x9c\x5b\x2c"
	"\x61\x96\x10\x92\x6c\xc3\x24\x1d\xda\x48\xef\xca\x23\xf4\x21\xcd"
	"\xb3\xc0\xea\x34\x29\xeb\xae\x5b\x26\xd6\xd2\xd1\xcf\x09\x11\x82"
	"\xd9\x2a\x1f\x40\x34\xcb\x6c\x7d\xaa\x25\x11\x45\xbb\x3b\xba\xb9"
	"\xda\x19\xe9\xe3\x59\xcd\xfe\xf9\xcb\xd3\xf3\xd7\xdd\xe3\xdd\x7e"
	"\x41\xff\xda\x3f\x82\x87\x47\xc0\xd7\x4b\xd1\xc7\x03\xf7\xd5\xf2"
	"\x52\x1c\x16\xc7\x61\x9b\x68\x95\x46\x1a\x1b\x01\xf3\xe2\x21\x47"
	"\x15\xac\x87\x6e\x3d\x98\x29\x6b\x22\xb2\x6c\x93\xa3\xc5\x1d\x25"
	"\x12\xa1\xbd\x7d\xd2\x52\xcb\xc3\x1e\xe3\x10\x6c\x12\xeb\xb0\xa3"
	"\x58\x92\xd0\x45\x12\xb9\xbb\xbd\xf1\x24\xda\x5e\x1b\x7e\x0c\x36"
	"\x74\x02\x2c\x13\xaf\x22\xfc\xb4\xb3\x02\x57\x15\xc5\x88\x7f\xb6"
	"\x14\xad\xb4\xa9\xe9\xe0\xaa\xce\x72\x96\xea\xfb\x5d\x80\x0d\x28"
	"\x6a\x2a\x04\xcd\xb4\x72\x1c\x64\x64\xf4\x17\x72\x56\x3a\xee\x8b"
	"\xd6\x20\xda\x5a\x59\x74\x6b\x7d\x2b\x75\x76\xe9\xb7\xb6\x6a\x3a"
	"\x98\x08\x0d\x1f\xd3\xd6\xb4\x08\xe2\xb4\xfc\xe8\xc8\x11\x9c\x72"
	"\x38\x23\x68\x91\x52\xf4\xab\x63\xe1\x28\x9a\xc3\xfc\x18\xee\x74"
	"\x5b\xbb\x2d\xac\x21\x0a\xaa\x8e\xa3\xb4\x1b\xaf\xc3\xd0\x18\xb9"
	"\x76\xf2\xf4\x22\x14\x9c\xaf\x3d\x24\xc6\xae\x30\x2a\xca\x56\x2d"
	"\x6f\x03\x11\x3a\x09\x6b\x82\x17\xa7\xfe\xc6\x19\xb8\x51\x23\x12"
	"\xb5\x44\x07\xee\x99\x1d\x58\xd3\xec\x05\x5d\x81\x5e\xab\x33\x13"
	"\xd3\xec\xa7\xd8\x91\x86\x79\x74\x69\x19\x1a\x18\xd0\xf9\x4e\xa6"
	"\xc6\x15\x37\x20\xc9\x94\x18\x17\x24\x74\x8a\xb1\xdb\x10\x5c\xfb"
	"\x17\x66\x28\x59\x5b\x35\xa1\x85\x1a\xa5\xc0\x9f\x0a\x5e\x00\x74"
	"\xec\x2b\x37\xf1\x0f\xa7\x69\xbf\x87\x52\x89\x36\x55\xda\xd5\xf4"
	"\x67\x58\x35\x18\x4c\x35\xb1\xa8\x08\x2e\xe3\x6d\x52\x52\xcf\x3d"
	"\xbf\x21\x5a\x1f\xe8\xf3\x8b\xfe\x92\xb9\xe6\x0f\x41\xae\xc0\x0c"
	"\x24\x4d\x91\xbc\x83\x73\xe0\x78\xba\x31\xb8\x89\x8f\x82\xe9\x6e"
	"\xca\x76\xc5\x5c\xef\xca\x02\xc7\x44\x19\x28\xf4\x8a\x82\xec\x29"
	"\x9a\x82\x33\x68\xb9\xa9\x01\x94\xed\x59\xb8\x48\xb8\x73\xd7\xe1"
	"\xdb\xd5\x94\x14\x36\xb8\x2d\x89\x08\xbb\x20\x1e\x2d\xec\x09\x77"
	"\xef\x9d\xa5\xe2\xa1\xb0\x99\x73\x19\x02\x1a\x90\x4a\x62\x2b\x12"
	"\x04\xe1\x18\x3d\x56\x86\x2c\xba\x3c\x70\xb8\xe8\x56\xe9\x03\xb8"
	"\x76\xf4\x92\x46\x47\xae\xfd\x1e\x55\xe0\xc2\x1f\x39\xe4\x35\x86"
	"\x81\x50\xaf\x14\xed\x8a\x06\xc4\xd0\x84\x6d\x00\x87\x56\xc8\x3f"
	"\x00\x15\xcf\xfa\x55\x68\x68\x8a\x1a\xd8\xb2\xa3\x3c\x6b\x4b\x2a"
	"\x8d\x73\x5c\xe6\xda\xf7\x08\x04\x83\x34\x4a\xab\x7f\xc7\xf3\x1b"
	"\xbb\x76\xf2\x28\x1e\x03\x17\x37\x26\x60\x02\xad\xad\xe4\x49\x8c"
	"\x89\x4d\xb2\x5c\x7a\xba\x7a\x18\x70\x11\x8e\xaf\x48\xb8\x07\xb7"
	"\x5a\x4f\x85\x24\xac\xc4\x5c\x43\x02\xdb\x09\xb7\x03\xfb\x4e\xcb"
	"\xe1\x7a\x0f\x1e\x92\x6c\x61\xf9\xea\xec\xcc\x3a\x07\x66\x28\x3d"
	"\x9e\xa4\x7d\xdc\x72\x94\x6f\xd8\xff\x9a\x5b\x46\x21\xcf\x67\xec"
	"\x8c\x1e\xfb\xa6\xcf\x47\xa4\xeb\x49\x04\x65\x95\xf2\xcd\xff\xfe"
	"\xbe\x7b\xd9\x7f\x5e\xfc\xcb\xf8\x2f\xdf\x9e\x9f\xbe\xdc\x3f\x98"
	"\x68\x94\x75\xb4\xf9\xa6\x4f\x39\xc4\x0e\x03\xee\xa8\x26\x33\x56"
	"\x15\xd5\x9c\xaf\xba\x06\x33\x60\xec\x48\x41\x51\xf6\x6c\xa7\x85"
	"\x24\x98\x14\x70\xae\xa8\x15\xba\x98\xb6\x95\xd2\x6e\xa8\x44\xa7"
	"\xe8\xea\xc4\x93\x37\x7b\x95\x0c\xa8\xbf\x6b\x97\x9c\x84\x5c\xc0"
	"\x9e\xa6\xad\x11\x1f\x6d\x6c\xd0\xe1\xe6\xbd\x62\x0d\xf5\x2c\x45"
	"\x7a\x4c\x22\x44\x7c\xf9\x81\x92\xad\xe6\xd0\x28\x0f\xc2\xf3\x0e"
	"\xac\x68\x13\xab\x60\x84\x70\xd0\xb2\x6e\x8d\xce\x7e\x74\x9a\xd2"
	"\x44\xa6\x4a\xb0\xea\xb6\xe1\x4d\xfa\x18\x8f\x13\x7a\xc0\xbb\x65"
	"\x22\xc3\xa3\xb2\xf0\x5e\x42\x61\x42\x82\x89\xbc\x95\x60\xea\x36"
	"\x4a\x95\x56\x19\xb8\x5f\xd4\x98\x29\x31\x11\xce\x66\xf7\x7c\xb8"
	"\xc7\xb4\xf0\x42\x7d\xff\xb6\xb7\x5d\x67\x74\x09\xf5\x8d\x0f\xfc"
	"\x7f\xbc\x5e\x3a\xdb\x47\xe0\xe2\x52\x8f\x34\xc1\xde\x09\xdb\xbe"
	"\x41\xc1\x65\xfe\x16\x8f\x0a\xce\xe7\x5b\x34\x8a\x08\xf6\x06\x4d"
	"\x45\xd2\x30\xc5\x80\x97\x19\x97\x23\x85\xb3\x5b\x32\xeb\x32\x26"
	"\xd7\x71\x4f\xb4\x02\xbf\x77\x0b\x96\x2a\x99\x1f\x03\x5c\x26\x61"
	"\xa0\xb2\xdb\x5e\x5e\xbc\x31\xda\x16\xf8\x61\xa4\xe3\x8d\x7e\xcb"
	"\xac\x7a\x83\x91\x5c\xbd\xb5\x30\x70\x77\x13\x6f\xee\x93\x6c\xdf"
	"\xda\xeb\x35\x11\x15\x99\x5d\x61\x9a\xb3\xf0\xfa\x62\xc6\xee\xe2"
	"\xf2\x0d\xfe\x96\x14\x47\x7b\xd0\xe7\xac\xd7\xed\xf6\xe9\x5b\x77"
	"\xd5\x35\xde\x45\xbd\x13\x39\xb8\x16\xa0\xb5\x4b\xbe\x3a\xe6\xcf"
	"\xf8\x42\xde\xfd\xb9\xc7\xbc\xac\x7d\x91\x64\xdc\xc4\x9a\x6a\xce"
	"\x1b\x27\x4b\xd4\xc3\x33\xf0\xc5\x71\x80\xa1\x2c\x51\x4f\x92\xe6"
	"\xd7\xd3\xd8\x96\x01\x5a\x17\x53\x03\xc6\x6e\xc2\x17\x2d\x8d\xee"
	"\x59\x5e\xbd\xbb\xfb\xf2\xef\x63\xf8\x89\xc8\x7a\x69\x85\x5e\x6a"
	"\x56\xeb\x15\x93\x0d\xab\xb5\x82\x8d\xc7\x99\x89\x02\xf7\x20\xed"
	"\x44\x75\x63\xc7\x6a\xc0\x28\x98\xc6\xa0\x02\xf8\x4d\x6d\x7b\xa8"
	"\xa6\x16\x21\x82\x34\x6b\x1b\xc6\x8d\xb1\x68\xa3\x7c\x1e\x76\x07"
	"\xbc\xc8\xc3\x1c\x1f\xf6\x77\x7d\x71\xca\x78\xae\xcd\x20\xeb\x2d"
	"\x0b\x1f\x7b\x9d\x41\x2d\x1b\x16\x71\x52\x35\x3e\x49\xab\xd3\xcb"
	"\xb3\xf7\xb3\x04\xe0\xc5\x0b\xf7\xf6\xef\x91\x50\x01\x2b\x39\x83"
	"\x17\x69\x25\x55\x12\x33\xda\x74\x7b\x5b\x73\xc7\x7c\x69\x70\x49"
	"\x6e\xc1\x76\xa5\xa4\x99\x19\x7d\xb9\x5a\xae\xe3\xd8\x82\xc9\x99"
	"\x95\xa9\x68\xc6\x88\xa2\xeb\x39\x0a\xc9\x67\xa6\x55\x6d\xe0\xa6"
	"\x17\x47\x5f\xa7\x6e\x48\xc1\xc5\xc2\x82\xae\x31\xaf\x1b\xa7\x90"
	"\x94\x28\x55\xce\x4c\x1e\x3c\x17\x2a\x89\x9c\xe1\xa0\x30\xe3\xbc"
	"\x5d\x9e\xc4\x49\xd0\x38\x92\x19\x0e\x8d\xc8\x66\x1a\x17\x6d\x9d"
	"\xb9\x26\xd3\x25\x80\x33\xd6\x60\x3e\x3a\x4e\xb1\xa1\xdb\xb8\x63"
	"\x61\x28\xda\x32\x25\x33\xbb\xb0\x45\x87\x2e\x8e\xfe\xb4\x9d\xc1"
	"\xdd\xd6\xd7\x55\x33\xb1\xf8\x72\xf7\xf5\xe5\xf5\xf1\x8f\x05\xfd"
	"\xfb\xfb\xe3\xd3\x8b\x7d\xe0\x24\x4f\x7b\x69\xbd\xbc\xfc\x38\x73"
	"\x66\x7a\x9a\x50\x40\xe9\xc8\xe1\xe3\xe5\xf2\xc4\xd1\xf2\x0e\xa6"
	"\xa3\x1b\x75\xf2\x66\x7b\xa4\x5a\x7a\x4a\xab\xc7\x4e\x4a\x8d\x2a"
	"\xbe\xc1\x58\xc0\x64\xb6\xc9\x2b\x66\xb3\xbf\x7d\x7b\x7a\x3e\x58"
	"\xbe\x8d\x6d\x0c\x30\x4a\x69\x12\xfd\x32\x08\x1c\x5c\x6a\x17\x39"
	"\x89\xa0\x02\x90\xa2\x3a\x4d\x5a\x97\x0d\x25\x6e\xbc\x1b\x41\x1d"
	"\x4d\x45\x58\xe1\xf4\x0d\xc0\xaf\xfb\x8d\x06\x13\xc0\x9a\x40\x36"
	"\x95\xcf\x12\x61\xd1\x42\x05\x8b\x40\x1b\x90\x60\xe3\x86\xdf\x80"
	"\x42\x82\x3b\x44\x7c\x60\x9a\x6c\x36\xe1\xa0\x67\xd7\x54\x74\x32"
	"\xe3\xac\x89\x4f\xb8\x6b\x54\x15\x09\x1f\xeb\x5b\x5f\xb0\x10\x0c"
	"\xb1\x95\x64\x13\x80\x5b\xe9\x61\xf7\x33\x5d\x1e\x07\x2b\xa8\x8e"
	"\x02\xf7\x29\x45\x9d\xc1\x8a\xd2\x4a\xd5\x26\x51\x24\xe3\x9b\x28"
	"\xae\x11\x2c\x8e\x23\x92\x85\xd5\x51\xc1\x15\x06\x7d\x90\x6a\xea"
	"\xc0\x03\xec\xcf\xa7\x97\xc3\xe2\xee\xe9\xf1\xf0\xfc\xf4\x00\x7e"
	"\xcb\xe2\xf3\xf3\xfd\x5f\xc6\x7d\xf1\x36\xe1\xa6\x6b\x4a\x12\x13"
	"\x2b\x40\xbb\xab\x79\xb4\x5c\xc7\xf4\x0e\x7e\x1b\x5a\x5d\x31\x37"
	"\xd9\xe5\xbe\x8e\x8e\x61\x0e\xf2\x16\x53\xe1\xd1\xc9\x62\x7d\xd7"
	"\x70\xb2\xe2\x44\x31\x0b\x77\xe4\xd0\xeb\x68\x90\xca\xea\xc7\x08"
	"\x69\x4a\xaa\xc9\x1a\xf6\x69\x85\x7c\xbf\x3b\xbc\x3e\xeb\x4b\x90"
	"\x06\x83\x4f\xbb\xd8\x3f\x3f\xef\x0e\xbb\xc5\x7f\x9e\x9e\xff\xb5"
	"\x7b\x7e\x7a\x7d\xfc\xfc\xb2\xf8\xeb\x7e\xb7\x38\xfc\xb9\x5f\xec"
	"\x1e\x0e\xd0\x6e\x77\x80\xb5\x7e\x59\x7c\x79\xde\x7d\xdd\x23\x95"
	"\x57\x5e\xdb\x51\x01\x56\xaa\xad\xba\xcb\xd3\x8b\xb3\xe5\x47\xbf"
	"\x36\x76\xc4\x7e\x98\xc5\x9e\x9f\x5c\xc4\xb1\xcb\x8f\xe7\x1f\x4e"
	"\xa3\xd8\xb3\xd3\x93\x0f\xef\xa3\xd8\xf3\xf7\x1f\x66\xfa\x3d\x3f"
	"\x3b\x9f\xc1\x2e\xcf\x2f\x97\x97\x31\xec\xf2\xe4\xf4\xfc\xc3\x0c"
	"\x7a\x79\x79\x79\xf9\xc1\x8e\xc9\x90\x0d\x03\xf8\x80\x3f\x3d\x3d"
	"\xb3\x47\xed\x63\xcf\x96\xef\xcf\xe3\xd8\x0f\xe7\xef\xad\xb4\x23"
	"\x7a\x2a\xdd\x75\x96\xc3\x22\x9e\x1c\x69\x4e\x4e\x2e\x26\x8b\x72"
	"\xbe\xd6\x81\x62\xcf\x57\x43\xcc\xf2\xa2\x47\x45\x8c\x22\xd2\x5c"
	"\x9c\x07\x68\x1c\x8a\x0d\x31\xd5\xc5\x67\x1f\xa7\x3d\x0c\xb8\xf3"
	"\xcb\xb7\x9a\x5f\x9d\x7d\x74\x23\x55\x09\x1e\xcd\x1a\xbc\xbd\x3a"
	"\x9a\x6c\xaf\xd2\x69\x8a\x5e\x56\xe1\x2a\x24\xb8\x73\x6a\x05\x88"
	"\xac\xfb\xcb\x8d\x29\x83\x33\x95\x28\xc1\xd2\x02\xa1\xcb\x41\xae"
	"\xc6\x08\x61\xaf\xb0\x00\xea\x54\x78\xb5\x55\xd8\x1b\x1b\xaa\x89"
	"\xa2\x11\xe7\x81\x60\xc3\xcb\xb6\x86\xfb\x7e\x28\x65\xdf\xd3\xd8"
	"\xb9\x27\xd3\x48\x87\x68\xbd\xea\xb4\xe5\x49\xc8\xff\x00\xc4\xe9"
	"\xfb\x13\x8f\xf4\xec\x24\xec\x61\x1a\x2e\x61\x36\x57\xc0\xc6\xdd"
	"\x82\x42\x60\xc1\x59\xec\x0a\xd6\x67\x24\x41\x7c\xb4\x11\x0a\x44"
	"\x72\x0b\x8e\x01\x26\x53\x8d\x8a\x15\xc9\xa5\xcf\x4a\x07\x78\x00"
	"\xdf\x1b\xb0\x28\x7a\xf4\x01\x5c\x77\xbc\x04\x87\x63\xa8\x76\xf5"
	"\x3a\x18\xc3\x9c\x4d\x5e\x63\x89\x3b\xb3\x73\xb5\x37\x5e\x9a\x75"
	"\xbc\xd7\x8f\xf3\xc3\x08\xb7\x2a\x93\x5c\x86\x92\x29\x3a\xfc\xdd"
	"\x54\x20\x92\x85\x53\xde\x71\x9c\x7b\x4a\x60\x09\x3b\x73\x9d\x75"
	"\x2b\x18\xe6\x46\x3d\x4e\x19\xbc\x95\x96\x84\x30\x7e\xbc\xdd\xf0"
	"\x69\x74\xb5\xaa\x0a\x71\xa2\x5b\x25\x68\x45\x43\xa8\x0d\xfc\x53"
	"\x1d\x4b\x92\x66\x28\xa6\x9d\x26\xee\xed\xbc\xe6\xba\x64\xcd\x19"
	"\x5f\x3f\x34\x86\x41\x24\x3f\x82\xa2\xd9\xf4\x2d\x4c\xcd\x77\x0d"
	"\x2b\x11\x52\x06\x4d\xc9\x14\x78\x5b\x26\x50\x82\x27\xf6\xdc\x09"
	"\x89\xa7\x6e\x01\x6f\xa0\xa6\x77\xe6\x3d\xc8\x5a\x56\xd3\xf8\x86"
	"\x5e\x91\x8a\xd5\xba\xcd\xd5\xf9\xc9\xc7\x0b\x3b\xb0\x3a\xcd\x8e"
	"\x84\x83\x3f\x25\x05\xc5\x83\x32\x10\x44\xe7\x82\x83\xe0\xdd\x90"
	"\x60\x21\x57\xe5\x16\x4a\x55\x64\xc6\x0b\x3c\x62\x73\x19\x66\x05"
	"\x12\x09\x4e\xf0\xd5\x07\xeb\xee\xd1\x70\x1e\x0e\xce\x7d\x4a\xda"
	"\x50\x44\xfb\x93\xac\xbc\x13\x3e\xbc\x18\xa8\x74\x95\x9a\x93\x17"
	"\x1b\x88\xf5\x43\x87\x00\xb3\x21\xd8\xaf\x9f\x22\x80\xf3\x05\xa2"
	"\xe9\x88\x57\xe3\x4c\xde\x64\x86\xb1\xe8\x6e\xc8\x7d\x05\x58\xe6"
	"\x02\x5f\x22\x6c\xbc\xc4\x21\xab\x53\x9c\x39\x0e\x72\xcb\xaa\xd6"
	"\xab\xa9\x3b\x1a\x0e\x81\x87\x11\xfe\x29\x09\xab\x3a\x9d\xa0\xd0"
	"\x06\xb1\xe3\x75\x79\x6b\xa7\x17\xb4\x1d\xe9\x08\x68\x7b\x43\xd5"
	"\x37\x71\x6c\xd4\x58\xdd\x87\x9e\x79\x46\x0a\x1a\xce\x10\xe8\xf4"
	"\x12\x12\x08\xd0\xf2\x59\xff\x74\xe1\xa8\x7b\x45\x62\x17\x7c\xeb"
	"\xc9\xc3\x41\xb1\xcb\xa2\x47\x18\x0e\x83\x0b\xb7\x88\x7b\x28\xc7"
	"\x1d\x47\x38\x44\xb9\x88\x58\x61\x7c\x56\xa8\x5b\x2c\xf3\xcc\x9d"
	"\x12\x46\xb2\xed\x31\x98\xa4\x97\x45\xef\x55\x9c\xbe\xbf\x18\xdf"
	"\x01\xf5\xc9\x5f\xc7\x83\x26\x82\x60\xfa\x31\x6c\x00\x7b\xe4\x0f"
	"\xd5\x19\xaf\xe9\x96\x86\xbd\xea\x2d\x0d\x39\x09\x26\x0b\x83\xc3"
	"\xc6\xbb\x34\xac\x01\xcc\x66\x7c\x26\xd5\xd6\xb8\xc6\xfd\x63\x18"
	"\xa2\x3a\x5a\x9e\xb8\x45\xfe\x14\x7c\x03\x38\xcb\x68\x1e\x04\xcd"
	"\x98\x2b\x3a\xc6\x77\x91\x32\xb1\x8b\x34\x99\x62\x2b\x7c\x36\x84"
	"\x79\x4d\x50\xa8\x43\xf3\xfe\xe2\xe0\x34\xde\x5c\x5a\x25\x7c\xf6"
	"\x13\x1e\x10\x8f\xaa\x2d\x3d\xfd\x94\x36\xcb\xf7\x5d\x5f\x60\x14"
	"\xc2\x4b\xaa\xc0\x55\x0a\x61\xfa\x71\xde\x74\x4a\x25\xe2\x04\xd6"
	"\xbb\x1e\xa2\x94\x80\xf9\xeb\xf2\x97\xe5\x62\xf7\x7c\xf7\xe7\xfd"
	"\x61\x7f\x07\x77\x84\xdd\xc3\xe2\xcb\x78\x59\xf0\x5c\x39\x30\x88"
	"\x24\xcf\x92\x6a\xc6\x57\x6c\xa2\x21\x1f\xc4\x96\x70\xd0\x4c\x4c"
	"\x76\xce\xdf\xdc\x14\xd3\x68\x87\x19\xea\xe9\x0f\x0f\xb5\x25\x3c"
	"\xea\x6e\x0e\xb9\x31\x6d\x55\x8d\xbc\xfb\xab\xd5\x93\x34\xa5\x6d"
	"\xf7\x05\xc5\x92\x0a\xe5\x1a\xc1\x63\x0e\x5a\x27\x17\x43\xf0\x9e"
	"\x97\xa0\x2b\xcc\x39\xf5\x45\x70\x26\x84\xf3\x04\xc3\x7b\xfa\x86"
	"\xe1\x61\x2b\x22\xdf\x67\x04\x9c\xd7\x48\x34\x0f\x5f\x17\x4d\xa5"
	"\xb7\x19\x33\xe8\x2d\x90\x00\xf4\x6a\x55\xd2\xb1\x2a\x66\x73\xda"
	"\x22\x02\xd6\x06\x56\x54\x31\x6c\xb9\xae\x4c\x7a\x21\x5c\x6d\xba"
	"\x6e\xba\x34\x6f\xe6\x70\xdd\x6f\xbc\x99\x06\xed\xda\x17\xb8\xcf"
	"\x7f\xdb\xdd\xed\x17\xbf\xdf\x3f\xee\x9e\xbf\x2f\x74\xfd\xdb\xc1"
	"\x5a\x0f\xcc\xeb\x56\x78\x38\xf3\x49\x9e\x3b\x84\x82\x8f\xbe\xf6"
	"\xd0\xaa\x49\xc3\x8c\x13\x96\xdb\x0c\xd6\x1b\xab\x07\x50\xef\x52"
	"\x11\x32\x88\x3d\x5b\x99\x0a\xd6\xa8\x89\x3f\x42\x78\x1b\x79\xe5"
	"\x60\x9a\x55\x4c\x86\x2a\xee\x70\x10\x6e\x29\x90\x9f\xd0\x19\x5e"
	"\x78\xf9\xf0\x35\xbd\x95\x23\xd0\xc4\x46\x9e\xfe\xb3\x7f\x5e\x7c"
	"\xdd\x3d\xee\xfe\xd8\x7f\xdd\x3f\x06\xa4\xa8\xaf\x0d\xb0\xb8\x1b"
	"\x80\x95\xa9\xb0\xb2\x60\x06\x25\xd7\xac\x81\x51\xd4\xa1\xe1\xdf"
	"\x90\x35\xf5\xd3\xbd\x05\x4b\x40\x77\xc6\x8a\xe7\x1a\x30\xa6\x25"
	"\xa5\xd6\x84\x07\x48\xff\x66\x71\x34\x01\x95\x0e\x4a\x69\x5c\x98"
	"\xd1\xd0\xbb\x74\x98\x1d\xa1\x47\xe3\x68\xb3\x1c\xb1\xab\x34\xc8"
	"\xd5\xe1\x35\x29\x78\xc4\x41\xf5\xf9\xe1\xb9\xf8\x5a\xa5\x5f\x08"
	"\x0e\x4b\x38\xb3\x0c\x7e\x7d\x59\xa6\x87\xa8\xd2\x22\xe3\x11\xa8"
	"\xb6\x88\x20\x6c\x57\xcb\x13\x8b\x19\x1c\x22\x67\xe0\x4e\x41\x1b"
	"\x7c\x1f\xeb\x24\x8e\x91\xdf\xe3\x60\x6f\xae\x4d\x2c\xd4\xaa\xff"
	"\xe8\x0f\x44\x78\xdc\x1e\xab\xc0\x76\xfa\x14\x3c\x77\x5e\x58\x38"
	"\x8b\xdc\xa7\x76\x8e\x22\x83\x6f\x14\x25\x0b\x5c\xe8\x7a\x69\xb4"
	"\xd0\xc3\x13\xa8\x5e\xee\xab\xa3\xdc\x0f\x01\x2d\xc4\xb1\xcf\x0f"
	"\x7b\x4b\x8b\x42\xef\xfd\x3b\x2c\x0f\x62\xaa\xb5\x1b\x7c\x1f\x27"
	"\xd8\xc6\x94\xbe\x3a\x61\x07\x4d\xb4\xe2\x1b\x30\x0d\x99\x97\x26"
	"\x09\x51\x55\xb4\xb6\xdf\x8b\x2b\x83\xd1\x2f\x78\xa5\x65\x69\x8f"
	"\x63\x5c\x64\xd3\x20\x26\xe0\x91\x29\xb6\x8c\x9a\xad\x3e\x48\xd9"
	"\x93\x4d\xd2\x6e\xf8\x46\x58\x8e\x23\x03\x37\x0a\xa6\x98\x4d\xf4"
	"\x2d\x8e\x22\x7f\xde\xff\xfb\x75\xff\x78\xf7\x7d\xf1\x72\xb7\x7b"
	"\x70\xde\x8e\x61\x7b\xd0\x10\xd7\xee\xb2\x21\x44\xcf\x95\x28\x25"
	"\x3a\xf7\x75\xcc\x80\xc6\x09\xfb\x2b\x79\x44\x80\x9c\x29\xc2\x4a"
	"\x19\x59\x4b\x4d\x87\xd2\x2e\x83\x1c\x06\xad\x8d\x23\x88\x44\xe9"
	"\xdf\x68\x34\x9b\x01\x08\x36\xc1\x02\x4e\xfd\xa8\xe4\xc7\x9b\x70"
	"\xb0\xbe\x30\xb0\xec\xc7\x5b\x00\x0e\xba\xd9\xe8\xda\xfa\x1f\x6f"
	"\xa5\xc3\x2e\x3f\x4e\xae\x9f\xc4\xe3\x0d\x78\x43\xe7\x96\x7f\xd2"
	"\x43\xab\x58\x19\xdc\x8e\x7f\xb4\x0d\xff\x60\xf9\xff\xc1\xb2\xff"
	"\xf8\x72\xff\xb3\x65\xfe\xc1\xe5\xfd\x07\xcb\xea\x2f\xe7\x58\x2f"
	"\x70\xbd\x21\x62\x78\x2c\x74\x3c\x9a\x5f\xfc\xa3\x19\x4a\x79\x00"
	"\xa1\xd9\x32\x15\xf3\xa2\x75\xe8\xb4\x64\x98\x87\x1e\xa8\xa3\xa4"
	"\x6b\x26\xd6\x37\x9c\x67\x21\x42\x8b\xac\x57\x3f\x24\xad\x5c\x6f"
	"\x79\x40\xb4\x79\xea\xbc\x9e\x72\x9f\x52\xc1\x85\x4e\x38\x77\x6a"
	"\x04\xd2\x01\xa6\x27\x57\xef\x0f\x98\x66\xc0\x39\x4f\xbc\x19\x90"
	"\x88\x35\x75\xee\xb6\xf8\x0d\x77\x51\xb2\x72\x2a\x43\xb6\xee\x17"
	"\xac\x7c\xe5\x41\xdc\x26\xdb\x5c\x54\xee\x97\xfe\x01\x0a\x0f\xd4"
	"\xbf\xec\xb1\x41\x7a\xf7\x73\xf3\x60\x68\xbc\x83\x22\x46\xb6\x09"
	"\x56\xa9\xb3\x34\x5c\xb9\xa6\x69\x4c\xfc\x29\x24\x37\x86\x05\x68"
	"\x4c\xb8\x30\xc2\x2d\xc9\xef\xb5\xe9\xaf\xd6\xd6\x22\x82\x77\xe8"
	"\x44\xa2\x0d\x68\xa6\x0b\xe6\x6c\x0e\x78\x7c\xda\x1e\xba\x4f\xaa"
	"\x01\x7a\x74\x7e\x04\xb8\x20\xae\xbf\xc8\xb0\xb4\x3b\xc1\xfa\x41"
	"\x63\xe7\x42\x6a\x7d\xe0\x8b\x76\x56\x5f\x99\xa4\xc7\x41\xb3\xed"
	"\x69\x88\x8a\x94\xc7\x0e\x64\x60\xa6\x13\x2e\x69\xb8\x9f\xa6\x6e"
	"\x9c\x91\xc3\x77\x97\x15\xe9\x14\x88\x91\xc4\x29\x54\x10\xd1\xf8"
	"\x2b\xc8\x1a\x16\xf2\x44\x0d\x6a\x85\xb7\x09\xb8\x68\x6f\x3d\x11"
	"\x6f\xf0\x34\xd7\xb4\x9c\x32\x5b\x09\x1a\x9b\x5f\xa5\x27\x18\x2e"
	"\x4e\xbb\xad\x41\x75\xf1\x35\x0b\x66\x5e\x0c\xe7\x8d\x62\xee\x28"
	"\xda\x2c\x36\x8c\x9c\x87\x8b\x5e\x7a\xdc\x38\xfe\xf0\xdd\x1c\xc5"
	"\xa6\x23\x45\x44\xa0\x3a\x2a\xdd\xf2\x31\x33\x3c\x14\xd7\x38\x37"
	"\x2d\xd3\xa6\xcf\x18\xdb\xe3\x54\x26\xed\xf4\x8f\x97\x98\x48\xab"
	"\xfb\xbb\x35\x1e\xc5\x64\x2d\x3c\x82\x84\x52\x15\xeb\xdd\x55\x16"
	"\x66\x40\x69\x13\x02\xe3\xb2\x07\xc0\x08\x02\x59\xc1\x87\x01\x56"
	"\xf0\x07\x79\xc0\x9f\x2b\xbb\x00\xd5\x47\x25\x76\x5d\xc6\x11\x9a"
	"\xb6\x61\xf8\x0d\x74\x81\x3a\xfc\xea\xeb\x04\x55\xc0\x5f\x00\x1e"
	"\x83\xd3\x47\x84\x84\x3f\xc3\x85\xc1\x47\x92\xdb\xa4\x24\xf3\x24"
	"\x1b\xba\x8a\x94\x32\x1d\x49\xea\xcd\x3c\x1e\xeb\x4d\xfc\x12\x97"
	"\x29\x55\xd9\xbc\x35\x90\x9a\xcf\x53\xdc\x52\x52\xcc\x53\xb0\xb2"
	"\x64\x35\x67\x6f\xcc\x27\x4b\xdf\x5c\xb8\x34\x5b\xcd\x13\x24\x89"
	"\x98\x29\x83\x34\x9b\x3c\x29\x9e\xd4\xbb\x1f\x4e\x6d\xf6\x14\xc2"
	"\x5b\x04\x0f\x3d\x74\x7f\xf5\xee\xf7\xfb\xbb\x77\xee\xb0\xaa\xec"
	"\xbd\x57\x4c\x7e\x54\x52\x9b\x0b\x5b\x69\x6e\x2e\x7a\x93\x80\x41"
	"\xd1\x3c\x84\xe9\xdc\x4a\x7c\x8d\x30\xaf\x75\xd1\xa8\x75\x19\xc9"
	"\xdc\x63\x72\x01\x7a\xc5\x87\x18\x7d\xe2\x80\x7c\xeb\xa7\xf9\x56"
	"\xac\xb9\x70\x2d\x0b\x00\x59\x49\x22\x47\xfa\xc2\x56\x3a\x7e\x07"
	"\x61\xe8\x9b\xda\xe6\x22\xa4\x6e\x22\x78\xd4\x36\xbe\x32\xb2\xf1"
	"\x7a\xfd\xfa\x97\xcd\xb1\xc0\x8a\x9e\xa2\xa3\xf8\x35\x44\x32\x35"
	"\x59\x08\x80\x75\x17\x22\x8b\x31\xa9\x33\x26\x53\x9d\x53\x53\xb7"
	"\x0d\xf5\xf8\x05\x34\x27\x82\xe3\xb6\x0c\x90\x31\x1b\x33\x20\x67"
	"\xb4\xbd\xde\xcc\x39\x8f\x01\xa7\xd3\x26\xf8\x10\x41\xc6\xfb\x98"
	"\x31\xa7\xb0\xd2\xf1\x8a\x73\xb8\x47\x08\xce\x32\x9d\x8d\xa8\xf1"
	"\x0f\xa0\xc6\x5f\xa6\x0a\x1b\x5e\xc4\x60\xa2\xa3\x22\x62\xed\x9b"
	"\xd9\x46\x35\xf8\x4e\x4b\x4a\x96\xdf\xc6\xc6\xa1\xdb\x37\xc5\xad"
	"\xb9\xf3\x2a\x52\x35\xe1\x9c\x15\x90\x1e\xdf\xd0\xd9\xed\x0d\x30"
	"\x5a\x15\x37\x52\x58\x06\xc6\x5c\x20\x9e\x9e\xf7\xe8\x68\x7f\xb9"
	"\xc7\x12\x9f\xd8\xcf\xe7\x8d\xed\x43\x6e\x7b\x8f\xc2\xe5\x64\xf5"
	"\x3a\x3c\xb2\x1e\x19\xfb\xb1\x97\x29\xa1\xf7\xf3\x55\x53\x82\xd2"
	"\x8e\x92\xd5\xf8\xbe\xbc\xae\x75\xb6\xcf\x81\xea\xdf\x28\x19\x7e"
	"\x56\x25\x40\xdc\xf5\x3b\x16\x42\x85\xf6\xd3\xc6\x63\x06\x29\xe8"
	"\x88\xd9\x44\x98\x56\xb3\x6b\x01\x1c\xe4\xf4\xbd\xb6\x83\xee\xc3"
	"\x7d\x61\xa1\xf1\x09\xb5\xd4\xbc\x35\x1a\x2d\xef\xde\x68\x14\x8e"
	"\x51\x71\xb0\x62\xb6\x87\x6c\x63\x56\x76\xa9\x82\x8d\x90\xa9\x8a"
	"\x34\x01\xf7\x07\x6e\x9b\x34\x32\x6f\x82\xd7\x74\x12\x41\xe6\x3e"
	"\xcf\x23\xa6\x38\x3b\x3d\x8b\xa0\x98\x48\x23\x98\xc0\xef\x43\x39"
	"\x78\x90\xa7\x84\x71\xe9\xfd\xb6\x87\x2b\x08\xf5\xdb\x2b\xdb\x34"
	"\xd1\x61\x4b\xe2\x3e\xdc\x74\x91\xec\x4d\xd6\x2a\x9f\xae\x72\xe8"
	"\xb0\xd9\x88\x79\xd9\x99\x1c\xa6\x55\xd9\xd2\x2e\x7c\x32\xf3\xae"
	"\x26\xee\xda\xc1\xb7\x0e\x2e\xda\x6e\x6a\x0f\x8e\x48\xd2\x88\x0a"
	"\xc9\xc5\x88\x9d\xc8\x13\xa2\x02\xc2\x82\xe0\x3c\x40\x6a\xa4\xc0"
	"\x5e\x11\x84\x46\x97\x18\x91\x2a\xc4\x07\x73\xbb\x98\xe1\xf7\x98"
	"\x19\x23\xf4\xff\x94\x5d\x5b\x93\xdb\x36\xb2\xfe\x2b\xaa\x7d\xda"
	"\x54\xed\xd6\xd1\xfd\xb2\x6f\x20\x08\x8a\xcc\x10\x24\x45\x90\x12"
	"\xc7\x2f\xac\x89\xad\x24\x53\xc7\xf6\xa4\x66\xc6\x9b\xec\xf9\xf5"
	"\x07\x0d\x92\x12\x00\xa2\xc1\xd9\x54\xd9\xb1\xd0\x1f\x40\xdc\xd1"
	"\xdd\x68\x74\x7b\xb7\xaf\xe6\x76\x50\xa9\xed\xb5\x79\x7f\xfa\xe5"
	"\xeb\xf5\x6d\xf6\xf9\xe5\xdb\x2f\xcf\xdf\xaf\x5f\x66\xbd\x1f\x44"
	"\xd7\xd6\xda\x54\xf6\x66\xa4\x93\x60\x3a\xf4\x64\xa3\xe4\xf7\xa7"
	"\xd7\xdf\xae\xef\x86\x36\xc8\xc8\x57\xc1\x6d\x66\xd5\xb9\xcf\x9b"
	"\x98\x0c\x77\xb4\xf2\xb2\x23\x6a\x3e\xd1\xd4\x1b\xbc\x3f\xdd\x90"
	"\xaa\x0f\xa8\x7b\x0b\x26\x50\xf7\x8d\xd7\x07\xac\xdc\x27\xcd\x1d"
	"\x11\x0a\x84\x2b\x77\x81\xe3\xf4\xe3\x50\xa8\xdc\x07\xbb\x06\x54"
	"\xef\xca\x51\xc9\x54\x65\x2d\xd5\xbc\x0f\x69\x1c\x7c\x0e\x80\xa7"
	"\xef\xcc\xa5\xec\xc8\x9b\x81\x8b\x9a\x62\x02\x13\x4d\x56\x21\x8b"
	"\x86\xf3\xdb\xdb\xe8\x2c\x57\x3b\xdc\x87\x7b\x1e\x14\x58\x6e\xf7"
	"\x9b\x4e\xb4\x6b\x15\x3b\x70\xb2\xcc\x0f\x96\x08\x5e\x2e\x9a\x89"
	"\x69\x6e\x79\x0d\x72\x41\x3e\x34\xbf\xa5\x08\xc6\x4d\x3f\x5e\x08"
	"\x4a\x0a\x07\xa2\x2a\x93\xf1\x4d\xfa\xb0\x45\x7c\x7b\x7a\xff\xfc"
	"\xfb\x15\xdf\x22\x38\x5c\x2f\x2a\xb3\x35\x60\xfa\xa7\xba\xa2\x43"
	"\x77\xce\x90\x7c\xe5\x8d\x3d\x8e\x79\xd1\x69\x2d\x2a\xe7\xd5\x9a"
	"\x0b\x2c\x19\x3a\xc3\x6a\xd1\x89\xc9\xb2\xe0\xb1\x62\x62\x12\x65"
	"\x79\xdc\xc0\x50\xea\x42\x79\x0a\xe5\x19\xd6\x3b\x68\xe0\x52\xbd"
	"\xfd\x51\xd4\x1f\xed\x3a\x38\x6d\x3f\x8c\x65\xe7\xff\x6a\x58\xec"
	"\x2d\x14\x47\x32\x9a\x4d\x34\x49\x0a\xf0\x1f\x2b\x0a\x9c\x23\x4c"
	"\x77\xb7\xed\xc2\xd8\x05\x49\x27\xaa\x34\xd6\x47\xfa\xb0\x52\x10"
	"\x3c\x32\xef\x07\xd3\x65\x55\xf8\x01\x96\xaf\x66\x17\x64\xb2\xe5"
	"\x9c\xd0\x09\x7a\x39\x35\xbd\x3a\xb9\x3a\x2f\xab\x8f\x4e\x84\x2c"
	"\xb2\x25\x37\x1f\x3a\x17\xd1\xc7\x3a\xd5\x7a\x34\xeb\x40\x74\x37"
	"\x27\x7e\xc8\x43\x65\x6a\x2b\x1c\x98\x53\x9d\xeb\xee\x67\x31\xc4"
	"\xf2\x03\x90\xfe\x00\xf6\xb5\xdf\x71\x4e\x79\xe1\x8c\xa4\xfc\xe3"
	"\x60\x2a\xf7\xbe\x8f\x75\xaf\xc5\x4f\x3b\x00\xb9\x79\x8d\xe6\x82"
	"\xd8\x9e\xc7\x9d\x08\xa5\xc8\x9b\x40\x95\x96\xcd\xaf\x03\xd4\x1d"
	"\x7a\x1f\x6b\x1c\xb0\x55\xde\x2f\xd6\xab\xa5\xc1\xd9\xdf\x6d\x2e"
	"\xf5\xfb\x16\xc1\x2a\xec\x2a\xe6\x2c\x46\x67\x6a\x52\xfc\xeb\x03"
	"\xea\x92\x08\x14\xac\x25\x51\x2a\xa8\x35\x26\xb1\x76\x24\x5d\xbe"
	"\x08\xeb\x42\x25\x63\x02\x3f\x28\x33\x48\x89\x08\x33\x40\x1c\x7d"
	"\xae\x64\xf0\xb8\x72\x9c\xae\x84\x25\x57\x22\x27\x42\x72\x6e\x25"
	"\x09\x99\x9b\xee\x56\x08\x28\x4a\xe1\x10\xa4\x4c\x89\x5d\x76\xa9"
	"\x4c\x4f\x8a\x9b\x8c\x64\xa4\xf7\x6c\x48\xec\x4e\xef\xce\x17\x07"
	"\xa1\x2c\x6c\xaf\x52\x3a\xb5\xd2\xbd\x3e\x76\x04\x37\xfc\xc6\x33"
	"\xfe\x6c\x71\x8c\x06\x59\x3c\x66\x8a\x05\x74\xdf\x3b\xda\xb2\xb2"
	"\x91\xf5\xde\xb3\x08\xc0\x66\xbd\xad\x7a\xdd\x78\x59\xab\x95\xd9"
	"\xd1\xb4\xfd\x31\xb2\xf5\x6c\x15\xf2\x3a\xdd\x80\xca\x0e\x9e\x06"
	"\xc9\xee\x44\x9b\x5e\x92\x8b\x5d\x3b\xc9\xe8\xd6\xe0\xb2\xc5\x4e"
	"\x97\x93\xd8\x3d\x07\x08\x36\x9a\x92\x70\x6f\x6b\xbf\x12\xff\xbd"
	"\xfd\x6f\xd7\xe2\x16\x5f\x8b\x5b\xf7\x5a\xdc\xba\x17\xdb\x7d\x5d"
	"\x6d\x47\xea\xc6\x51\x62\xbf\xd8\xb6\x0e\xd5\x84\xb9\xdc\xb6\xce"
	"\xbe\xdd\x5a\x8b\x46\x1b\x99\xad\xbe\x6e\x90\xd1\xd3\x30\xac\x4e"
	"\xb6\xeb\x69\x18\xf4\xd6\x34\x0a\xc4\x8e\x69\x14\x22\x56\x1b\x18"
	"\x68\x79\x67\x7b\x3b\x8d\xe5\x31\xde\x47\xa3\xfd\xc0\x5d\x44\x59"
	"\xf9\x3e\xe3\x54\x07\x98\x90\xf1\x0c\xdd\x4e\xec\x20\xdb\x8f\x6e"
	"\x21\x5b\x63\x4d\x9b\xc9\xdd\xfa\xb2\x4b\x1d\x96\x18\x5e\x5c\x46"
	"\x3c\xb5\xb9\x4f\xc0\x0f\x74\x4a\x56\xa0\x47\x25\x2a\x84\xc0\x09"
	"\x2b\xb9\x10\xb7\x1d\x78\x88\x5c\xac\x26\xc8\x13\x7a\xe2\x7c\x3d"
	"\xdf\x73\xdd\x77\x67\x41\xf2\xb7\xeb\x75\x93\x09\x38\xaf\xdc\x36"
	"\xdb\x65\x12\x1e\x19\xe6\x52\x4f\x5d\xe1\x0b\x62\x5f\xf1\xc8\x24"
	"\x67\x61\xe7\x94\x64\xed\x7e\xbe\x5c\x9c\x90\x4b\x5a\x9a\x21\xdc"
	"\x47\x9a\xd2\x25\xd2\x9f\x0d\xe6\x1a\x2a\x75\x2b\x52\x9a\xa5\xdb"
	"\xc1\x45\x4a\x0a\xe4\x65\x7f\x9c\x63\xd5\xda\xa6\xf9\x05\x7b\xd1"
	"\x91\x30\xc6\xa0\xad\x9b\x35\x62\x9c\x32\xb8\x06\x57\xdb\xf7\xe9"
	"\xc7\xf5\xc7\xf5\xf9\xfb\x6f\xff\xd3\xfb\x20\xb2\x5c\xc4\xf5\xf8"
	"\x96\x06\x27\xbc\xb4\x36\xae\x02\x7b\x28\x54\x72\xe4\x34\xb8\x1f"
	"\xc8\x45\xa9\x7c\xfe\x8e\xb2\x29\xa1\xe8\x84\x9a\xc4\x08\xc5\x7c"
	"\x87\x5e\xba\x88\x82\x09\xba\xbf\xfc\x8a\x9d\x52\x3f\x20\x88\xbc"
	"\xf4\xe3\x54\x0d\x43\x81\x6b\x2f\x15\x40\xfe\x9f\x71\x57\xf7\x84"
	"\x65\xe9\x2d\x99\x9f\xa0\x63\xbd\x10\x1a\xe7\x0f\xcc\x8b\x38\x4d"
	"\x74\x10\x85\x27\x3a\x5e\x44\x74\xfa\x10\xc8\x4b\x8e\x63\x7f\x2f"
	"\x17\x09\xf3\xf4\xe0\xfd\x8e\x74\x9c\x31\x35\xef\x67\xbb\x29\xff"
	"\xf5\xe9\xed\xed\xf9\xd7\xe7\xcf\xe3\x5b\x57\xc9\xc0\x59\x26\x92"
	"\x32\x01\x1e\x16\x99\xf6\x20\x03\xa1\xa2\x49\x16\xb2\x06\xad\x3b"
	"\x60\xd4\x7d\xf8\xda\x0b\x89\x2e\x48\xeb\x80\xd8\x49\x55\xda\x8b"
	"\x55\x95\x34\xf2\xef\x3f\x02\xd8\xd3\x6e\x5c\x31\x71\x2e\x26\x01"
	"\x5b\x7f\xc5\xe5\xf6\xe4\x05\xa0\x61\x10\x6e\x5d\x3b\xd2\x6b\xde"
	"\x0a\x66\xa5\xb7\x68\xc5\x5c\xb8\x7d\xb3\x2b\x73\x38\x6e\xc6\x33"
	"\xba\xa7\x75\xbe\x34\x21\x06\x95\x51\x66\x4f\xa4\x1c\xef\x94\x1e"
	"\xa2\xf4\x9c\xde\xcf\xda\x83\xa6\x51\x38\xab\xc8\xd4\x07\xc0\x8b"
	"\xac\xa7\xcf\x08\xb5\x6c\x7b\x09\x5c\x03\x83\xde\x86\x8d\xd3\x8f"
	"\xc4\x64\x8e\x8e\xa4\xbb\x33\x0e\x90\x0f\x00\x99\x27\xe0\x73\xdb"
	"\x6e\x00\x51\x0c\x38\xaa\x64\x51\xf4\x8c\xf8\xe9\x2a\x6c\x8a\x17"
	"\x21\x12\xcf\x00\x28\xc0\x43\x30\x59\x08\xb5\xee\xd2\x46\x00\x60"
	"\x14\xbc\x00\x39\x2f\xfd\x5f\xe8\x95\xcf\x53\x55\xe5\x79\xe8\x85"
	"\x24\x11\xf3\xd2\x3b\x73\x1d\x30\x28\xf6\x2e\x86\x24\x0b\x3d\x1b"
	"\x64\x94\x44\xc6\x01\x1c\x52\xf7\xa9\x19\x66\xf0\x1c\x59\xe4\x10"
	"\x40\xcd\xcd\xac\x49\x86\x90\x28\xb7\x9d\x6e\xa7\x9b\x05\xcb\xce"
	"\xe2\x92\xc8\x39\xec\xf2\x78\xdf\x29\xbf\xcc\xfd\x55\xdd\x86\xf7"
	"\x76\x9b\x77\xaf\x97\x05\x62\x02\x1b\x0b\xcf\x91\xa8\xbe\x1b\xb2"
	"\x33\x8a\x48\x57\xc0\x7e\x77\x76\x3b\x38\x2a\xa3\xc2\xe5\x0a\xf8"
	"\x21\xcb\x1b\x49\xd3\x8c\xd5\x4b\x3d\x4e\x4e\x19\xa9\xc0\x4a\xfa"
	"\xc5\x46\x53\x08\x47\x5c\x16\x65\xa1\x84\x9d\xdb\x1a\xa6\xbb\xe3"
	"\xc5\x46\xb5\x84\x08\x40\xe2\xb1\x35\x63\x36\x04\x27\x43\x01\x0f"
	"\xe1\x18\x7e\x4e\xb0\x9d\x04\xb6\xd8\x9b\xf2\x5b\xb7\xff\x9f\xbd"
	"\x5f\xdf\xde\x1d\xec\x61\xf1\x50\x61\x51\xaa\x7a\xbb\x5c\xe5\x93"
	"\x1e\x05\x84\x65\x5e\xb4\x3c\xcf\x92\x2a\x2f\x11\x97\xc7\x5c\x0a"
	"\x46\x58\xd7\x60\x5c\x70\x19\xba\x4c\x0d\x03\xdd\x4f\x27\x44\x43"
	"\x60\xa1\x21\xa1\xca\xb4\x32\x82\x7b\x2d\xf7\x3c\x97\x39\x32\x56"
	"\x60\xb4\x38\x09\x0b\xe7\x37\xe5\x04\x35\x3e\x6b\x6a\x8a\x54\x02"
	"\x22\x82\x05\x70\x4b\x99\x46\x48\xb0\xc3\xa0\x1a\xe4\xab\xdb\xcb"
	"\xe5\xaf\x3f\xae\xef\x2f\x2f\xef\xbf\xcf\xbe\x5c\xff\xfd\xfc\xf9"
	"\xea\x7a\xa5\x02\xf5\xa1\x49\x50\xd5\x22\x40\x5b\x02\x74\x81\xf5"
	"\x79\x07\xa8\x09\x22\xc1\xf7\xf9\x29\x5f\xce\x57\x8d\x0f\x11\xf9"
	"\x6b\x70\x8e\x69\x82\x91\x79\x79\x4e\xdd\x1d\x22\xbf\xbb\x5e\x35"
	"\x8d\xf1\x0c\x4f\x0a\xed\x4d\x89\xc9\xb2\x51\xfb\x40\xdd\xc3\x2d"
	"\xaa\x92\x11\xee\xf0\x63\x7c\x8b\xc9\x19\xb4\x65\x6d\xa8\xcf\x2e"
	"\x09\x84\xd4\xd4\x0d\xf3\x68\x74\x04\x69\x6c\x31\x4e\x69\x05\x61"
	"\x6d\xf0\x60\xda\xad\x66\x69\x47\x83\x11\x07\xc3\x53\x63\xab\x18"
	"\x32\x86\x10\x15\x51\xee\xaa\x65\x7b\x21\x65\x26\xf9\x5c\xf7\xe4"
	"\xb9\xe1\x29\x2b\xab\x5b\x38\x8d\x36\xcf\x6a\xe7\x7b\xbf\x7b\xe9"
	"\x9d\x51\xb2\xb5\x4f\xdd\xc9\xb8\x44\x7f\x03\xa9\x67\x38\x19\x49"
	"\xe1\x75\x7d\x18\xf8\xbe\x46\xe5\x42\xd5\x62\xcf\x8e\x8b\xba\x58"
	"\x5c\xcf\x5d\x70\x4e\x02\x85\x70\xf9\xe8\x20\x74\xe8\x74\xdd\x21"
	"\x73\x57\x60\x49\xc1\x3f\x0c\x0c\x6e\xea\xc9\x0a\xb0\xc1\x71\xd1"
	"\xdf\xfe\xd6\x3b\xb2\x7c\xf9\x76\x9d\xfd\xf9\xfc\x7a\xfd\x7a\x7d"
	"\x7b\x1b\x96\xd6\x0c\x5e\x86\xc9\xb4\xd9\xd3\x0c\x62\x25\x0f\x5e"
	"\xf1\x66\x4f\x5f\x7f\x7b\x79\x7d\x7e\xff\xfd\x9b\xbe\xf6\x6e\xa5"
	"\x73\x86\x78\x9e\xbf\x21\xd0\x3d\xe1\x86\xf0\x8d\x84\xfe\x21\x31"
	"\x78\x60\xc1\xbc\x77\x98\x25\xaa\x87\xb3\xbe\x9e\x91\x8c\xb2\xba"
	"\x1c\x56\xfe\x3b\x94\x7b\x24\xed\x81\xf7\x25\x91\xa9\xae\xf0\x7a"
	"\xd1\x43\xa2\x1f\x4a\xdd\x6f\xe3\x21\x72\x9f\x04\x0d\x37\x22\xfc"
	"\x75\xc9\x49\x56\x20\x76\x74\x3d\xa0\x8b\x08\x81\x9d\x22\x3d\xe8"
	"\x58\x78\x64\xe3\x43\x81\x9c\x31\x09\x22\x53\xb1\x02\x2e\x8a\x11"
	"\x5d\x43\x44\x47\x22\x66\x76\x7d\x7a\x9d\x45\xcf\xd7\xaf\x10\x3a"
	"\xe8\xdb\xb7\x1f\xdf\x7b\x61\x73\xf6\x77\x89\xfe\xa9\xdf\xb3\x4d"
	"\x0f\xa9\x8c\xda\x25\xdd\x9d\x4f\x08\xd6\x16\xab\x36\x45\x5c\x16"
	"\x02\x39\x22\x54\x39\x46\x04\x7f\x38\x4e\x15\x3a\x6d\x8b\x6c\xb3"
	"\xde\xe9\x8a\xf2\x3e\x49\xe5\x1f\x05\x85\x56\x89\xa0\xeb\x64\xae"
	"\x34\xf0\xc2\xdc\xaa\x0c\x3b\x07\xb1\x16\x89\x32\xa6\xd7\x62\x13"
	"\x6a\x54\x18\x19\x2d\xb6\x59\xdf\x70\x50\xe5\x1f\x4d\x2d\x72\x7a"
	"\x41\x8d\xd5\x43\x51\x75\xae\xbb\x46\x9a\x41\x76\x06\x96\xd2\x39"
	"\xab\x1f\x55\x48\x8b\x1e\x61\xb9\xca\x62\x3d\xb3\x34\x9c\xaf\x61"
	"\x77\xaa\xde\x5f\x8a\x6b\xef\x2d\x09\x0f\x88\x11\xf3\xf8\xf9\x73"
	"\x0f\x9c\xe5\xb7\x77\x93\x77\xcf\x1d\x5d\x98\xa7\xce\x7c\xc2\xf9"
	"\x34\xe4\x5c\xf1\x42\x37\x59\x1e\x52\x64\x1f\xd6\x86\xaf\xb0\x0a"
	"\x0c\x33\xd3\xdc\x88\x74\x58\x76\xc5\x47\x49\xc9\x95\x5f\x77\xe5"
	"\x90\x44\x7b\xe6\x7a\x51\xf1\x13\x0c\x4f\xd9\x03\x34\xc9\x7a\xd7"
	"\x3b\xba\x1f\x4e\xb9\x7d\xdc\x10\xda\x28\xdd\xca\xe9\x02\xeb\xd8"
	"\xc6\x20\x4e\xb2\x9c\x94\x69\x1a\x18\x16\xe2\xe0\x73\xea\xa2\xc2"
	"\x0b\x68\xde\x38\xac\xe0\x59\x9d\x53\x00\x44\x81\xab\x00\xec\x5c"
	"\x22\x4f\x10\x3a\x80\x72\x08\xd1\x15\x23\x37\x0b\x9e\x9f\xb1\xe7"
	"\x7d\xa2\x8d\x1f\x65\x45\xcf\x89\x40\x36\x93\x5b\x64\xdb\xa2\xee"
	"\x03\x58\x0a\x8f\xb3\x2c\x15\xdc\xa5\xae\x72\x2b\x0c\x32\xb8\x1e"
	"\x36\x7c\xf7\xca\x0d\xcc\xb8\x79\xec\x7e\xb7\x89\x1e\x2d\xb4\x4f"
	"\x13\x7a\xfc\xa4\x3e\x8d\x73\x3d\x86\xda\x90\x59\x0f\x06\x0c\x21"
	"\x3a\x94\xc7\xbb\xf0\xee\x41\xea\xee\xd4\x8c\x81\x8b\xac\x51\x80"
	"\x53\x2d\x6b\xe7\xda\xac\x5f\x07\xbf\x3e\xfd\xf8\xda\xb9\x80\x7d"
	"\xfe\xed\xc7\xcb\x8f\xb7\xd9\xb7\xeb\xb7\x97\xd7\xff\xcc\x9e\x5e"
	"\xaf\x4f\xb3\xb7\xe7\xff\xbb\xfe\x4b\xf7\x9c\x43\xd4\x39\xd1\xf2"
	"\xce\x14\x6c\xb9\x1d\x51\x04\x84\x3d\x1f\x0c\xc5\x0c\xff\x68\x37"
	"\x32\xc4\xc4\x93\x73\x1a\xf5\xd9\x66\x14\x95\x64\x1f\x00\x39\x0f"
	"\x2a\xe5\x75\x0d\x82\x39\x29\xdb\xb6\xfd\xdd\xa9\xb3\x63\x77\x56"
	"\xee\x21\x68\x02\x6e\x3e\x0b\x5e\xa3\x2f\xb9\x25\x64\xf3\xd7\x5f"
	"\x13\x10\x77\x85\x07\x7f\xde\x6d\xf7\x1b\x09\xed\x26\xb7\x43\x8a"
	"\x1d\x7c\xbc\x72\x49\x8b\x61\xa5\x4d\xaa\xdc\x50\xb6\xe5\x11\xbc"
	"\xc8\xae\x10\x99\x43\x52\xa3\x14\xdc\x4d\xe8\x11\xb0\x64\x62\xe7"
	"\x11\xce\x49\x02\x93\x46\x83\x27\xbe\xa7\x99\x8e\xb1\x65\xba\x31"
	"\x5f\xe5\x6f\xe3\x4d\xb4\xfc\xcd\x43\x7d\x92\xcb\x04\xbb\x00\xe5"
	"\x0f\xd9\x2a\x04\xbc\x2b\x96\x67\xf0\x4a\x6a\xaa\xd4\x25\x49\x6e"
	"\x02\xa5\x15\x8f\x53\xf7\x80\x66\xdb\x66\x99\xc1\x50\x5c\x21\x56"
	"\xb2\x5a\x72\x19\x01\x72\x07\x34\x80\xc0\x75\xb1\x10\xb2\x3e\x55"
	"\x52\xac\x96\x8d\x6b\x1a\x7e\x2a\x89\xc6\x1a\xc1\xaf\xf6\x52\x26"
	"\x15\x0b\x2c\xa3\x45\x45\xe9\x7d\x35\x7a\xbc\xec\x29\x58\x5a\xd6"
	"\x46\x21\x28\xad\x57\x00\x6c\x16\xcb\xb9\x15\xdb\xa5\x38\xb5\x34"
	"\x91\xe3\x16\x12\x6f\x03\x43\x42\x0f\xdb\xb9\x17\x52\x73\xc4\x83"
	"\xf2\x00\xa0\xf2\x48\xe8\xde\x0c\x79\xa2\xa5\xa6\x5d\x78\x0c\x47"
	"\xaa\x72\x02\xd9\x39\x62\x5d\xef\x1d\xa5\x97\x8f\x45\x95\xa7\x56"
	"\xd8\x8b\x71\x43\xca\x20\xf4\x02\xb2\x09\xba\x78\x98\xa0\x37\x7b"
	"\x4f\xf3\x8c\x49\xa0\x25\xf6\x0d\x5b\x6c\x5d\x34\xc5\x92\xef\x17"
	"\x07\x4d\x93\x4d\xc3\x32\xe7\xa0\xaa\xa1\xe1\x39\xc4\x2e\x2e\xd5"
	"\x62\x68\x19\xf2\xe6\xff\xf6\x85\x89\x06\x97\xa2\x69\xfc\x3d\x76"
	"\xe6\x88\x36\x48\x12\xfa\x3b\xee\x11\xe7\xcc\x9f\xdf\x3e\xbb\xf9"
	"\xe3\x4c\x1e\xd2\xe0\x68\x4a\xac\xd2\xf3\x7c\x89\x34\x2e\xdc\x2c"
	"\x37\x4d\x1b\x16\x39\xe2\x81\xb8\xe6\xfc\x11\xb6\x0d\xe4\x22\x96"
	"\x64\x15\x12\x7b\x02\xe2\xdd\x24\x39\x5d\x23\x17\xe8\x11\x57\x1c"
	"\x8d\x5b\x45\x45\xc5\x61\xb5\x14\xeb\xf9\xc2\xcd\xbe\x67\x34\xcd"
	"\x85\x62\xaa\x81\x15\xa1\x58\xe0\x49\x79\xc6\xa7\x6e\x91\xa6\xac"
	"\x7a\x2e\xc0\xdd\x27\x45\x28\x0e\x52\xa0\x23\x98\x5f\x01\x91\x2e"
	"\x0f\xf3\xf9\xca\x43\x5c\xba\x57\xf8\x30\x26\x95\x04\x6d\x36\x7e"
	"\x4c\x10\x2f\x76\x3b\x3f\x44\x55\xf4\x30\x77\x4f\xaa\x98\xd3\xed"
	"\x6a\xe3\xbe\xa3\x0f\xc5\x62\xbb\x5f\x22\x23\x03\x5b\xd4\x4e\x6e"
	"\x70\x6e\xb7\x7a\x22\xe8\x15\xc7\x6d\x24\xc8\x61\xbd\x9f\x23\x57"
	"\xf7\x55\x25\x07\xa6\x65\x54\x8a\x61\x9e\x03\x5a\x94\xc4\x65\x30"
	"\x01\x01\xa4\x95\xcf\x62\x70\xd5\x61\x04\xb9\xd5\x09\xe8\x6b\xd2"
	"\x7e\xd3\x57\x86\xa1\x83\x15\xe6\x7d\xc1\x2f\xed\xa3\x4b\xad\x1a"
	"\xc6\x24\x13\xca\xb5\xf8\x14\xf7\xe9\xa6\x28\x72\x1b\x58\xba\xe7"
	"\xf2\x9d\xbe\xf1\xd1\x53\x76\x24\x88\x87\x95\x1e\x21\xb9\xae\xed"
	"\x7e\xe7\x2d\xe4\xb0\xa2\xcd\xd6\x0f\x68\x9a\xb5\x1b\x41\x83\xdd"
	"\x62\x3e\x5a\x74\xaa\xa5\xd5\xf5\xaf\xa7\xb7\x59\xf2\xfd\xed\xfd"
	"\xf5\xc7\x37\x15\xc3\xf7\xed\x77\xc9\xae\x7e\x99\xbd\xbf\x3e\x7d"
	"\x7f\x83\x0e\x99\x7d\x7d\xfe\x7e\x9d\x7d\x91\x7b\xcd\xf3\x1f\xf0"
	"\x4f\xbd\x83\x2a\x08\xc2\xe0\x9d\xa8\xb0\x07\x01\x67\x3e\x0d\x92"
	"\x2c\xfd\xd8\x93\x26\x98\xcf\x3d\xcd\xa2\xe2\x48\x66\xbf\x3e\xbf"
	"\x7e\xfb\x53\x56\x6d\xf6\xe5\xe5\xcf\xef\x5f\x5f\x9e\x86\x07\x6b"
	"\x06\xef\x09\xd6\x4f\x04\x86\xbf\x48\xc7\xf6\xb1\xdf\xdf\xaf\x5f"
	"\x67\x3c\xa1\x8a\x73\xed\xa4\xd0\xc1\x27\x9b\xa0\x49\xe4\x48\x3e"
	"\xcb\x93\x70\x9c\x7a\x2f\x28\x86\x90\x0f\x18\x91\x3e\xbd\x7e\x71"
	"\x7d\x06\xc5\xbf\xfc\xf1\xfa\x22\xb7\xf2\xb7\x97\xd7\x99\x78\x07"
	"\xb5\xd9\xdd\x77\xdc\xec\xef\x34\x17\xfc\x27\x4d\xc8\xbe\xd5\xef"
	"\x56\x9c\x2e\x89\x5d\x4e\xee\xfd\x95\xd1\x18\xb9\x33\x68\x52\xe5"
	"\x14\x14\x25\x92\xa8\x1e\xe4\xc4\xbc\x70\x46\xdf\xa3\xe0\x96\xc5"
	"\xb8\xfb\xef\x93\x5a\x84\x6d\x16\x31\xef\x73\x68\xfa\x0d\x01\x19"
	"\x40\x23\x22\x69\x91\x49\xea\x52\x85\x58\x2d\xe6\xba\x48\x48\x8b"
	"\xf6\x13\x2b\x73\x9a\x17\x8f\xa6\x0b\x30\x88\x9e\x58\x14\x8e\x70"
	"\x7b\x86\x3d\xa6\x94\xdb\xde\x3e\xbf\x3e\xff\x61\x07\xbe\x02\x07"
	"\x3c\xbd\x20\x8b\x4e\xe0\xee\x4a\xae\xc3\x74\x5b\x0f\x0e\xeb\xbc"
	"\x19\x72\x92\x49\x61\x8d\x5b\x66\xf2\xce\x02\xe5\x5e\x1b\xb7\x22"
	"\xe8\x82\x8f\xba\x6c\xcb\x34\x6c\xd6\x05\x0f\x76\x96\x43\x97\x74"
	"\xf2\x5b\x69\x9a\x4c\x7c\x61\x88\x4d\xee\xcc\x1e\x0b\xc4\xd7\x47"
	"\x5a\xb1\x7e\xd8\x1a\xce\x77\xcb\xad\xcb\x4f\x7f\xcd\x2b\x31\x1a"
	"\x5b\x3b\x4a\xf8\x43\x85\xc5\x31\x51\xf5\x80\x78\xb2\x65\x2e\xc5"
	"\x57\xa1\x42\xbd\x71\xa7\x97\xb3\x41\xab\x06\x23\x6b\xdc\xf3\x17"
	"\x49\x2e\x0f\x46\xf0\xfb\xe7\x0e\xf7\x43\x0b\xc5\x43\x82\xda\xcd"
	"\x8c\x31\x7b\x91\xcc\xc4\xb9\xcf\x67\x44\x85\x55\xb3\xb7\x3d\xe9"
	"\x71\x5b\x6e\xa9\xa0\x7b\x3b\x96\x9a\xc4\xf6\x90\xde\x9d\xa5\x0e"
	"\x71\xa1\xf8\xcb\x97\xeb\x37\xb5\x39\xbc\xfe\xfa\x74\xd3\xae\x81"
	"\xc3\xd9\x19\x57\x4a\x85\x7f\xbe\xff\xe7\x8f\xeb\x1d\x60\xeb\x47"
	"\x87\xaf\xb9\x4f\xfa\x4f\xd6\xad\x6e\xc7\x4e\xd6\x72\x10\x3f\xab"
	"\xa5\xa1\x69\xf1\x40\x0f\x08\x14\xcd\x35\x19\xe8\x27\x49\xa4\xbc"
	"\x7d\x6a\x91\xea\x12\x70\xce\x01\x57\x2a\x86\x13\x6e\x48\xee\xe6"
	"\xbc\x9d\xda\x3b\xbe\xd5\x93\x62\x43\x7a\xec\x93\xda\xc5\xf2\xec"
	"\xda\x6e\x80\x3a\x04\x0f\xa4\xd4\x34\x3a\xea\x3f\xdb\xec\x24\x1f"
	"\xb5\x99\xca\xac\x16\x26\x67\x96\x5d\xee\xa8\xfc\x36\xaf\xe4\x4c"
	"\xa8\x4a\x24\xfa\xa4\x0e\x87\x27\x3f\x01\xfa\x59\x88\x48\x8f\x7e"
	"\xe9\x0c\xb1\x96\x94\x23\x74\xcf\x67\xc0\xf5\x6d\x92\xc1\xfb\xb0"
	"\x94\x29\x0f\x36\x92\x1b\x76\xcd\x5b\xd9\x79\x2a\xc3\x39\x4f\x41"
	"\x45\xa4\x6a\x6f\x75\xb9\x58\xf2\x7a\x31\xd7\x8c\xc2\x87\x3c\x3d"
	"\x41\xee\xfb\xd4\x9d\xa5\x2d\x13\xc3\xee\x65\x48\x86\xc6\x53\xf0"
	"\x0b\xeb\x54\xe1\x6a\x25\xec\xb0\x8f\xee\xd0\x8f\xee\xdc\x1f\xdd"
	"\x61\x1f\xb5\xfa\xad\x07\x6b\xb1\xa5\x84\xdb\x26\x2b\x4e\x28\xad"
	"\x8b\x96\xc6\x20\x78\x95\x88\x7f\xc5\x16\x6e\x7b\xdb\xb1\x0d\x87"
	"\xa6\x64\xbf\xdc\x2e\x1b\x7e\x4e\x8e\x79\x16\x4c\xc2\xd0\x0b\x64"
	"\xd5\x80\x6e\xcc\x49\x05\x9e\x66\xdb\xf3\xa7\x8b\xbf\xa9\xf3\xf9"
	"\xe6\x36\xad\x62\xee\x29\xb6\xce\x94\x6b\x59\xe2\x9e\xd9\x6a\x32"
	"\x77\x5d\x2b\xf9\x4c\x50\x37\xd9\x26\x8c\xce\x45\x55\x42\xec\x80"
	"\xf1\x34\xe7\x52\xf8\x59\xcb\x25\x77\xcc\xc7\x21\xf1\xc0\x9a\xa4"
	"\xbf\xa2\x1f\x05\x8b\x03\x22\x7c\xd9\xb8\x04\x23\x52\x26\x00\xdd"
	"\x9a\x70\x86\xdc\xd1\xc3\x92\xd5\x91\x94\x1c\xca\x82\x07\x1a\x47"
	"\x01\x25\x86\x66\x64\x0a\x95\xd6\x9b\xda\xb8\x39\x56\x55\x8d\x93"
	"\xc7\x15\xb1\x42\x80\x67\x95\xf6\x6e\x81\xa0\x5a\xd6\x37\x69\xa6"
	"\xf6\xed\xbf\x4b\x7e\xfa\x7f\xff\x31\x7b\x7f\xfa\xe3\xfa\x8f\x19"
	"\x0d\xff\x29\x19\xf8\x9f\x34\x2f\xe2\x83\x1e\xc4\x68\x2e\x8d\xcb"
	"\x2e\xd5\x3d\x94\x03\x39\x17\x08\xe0\x56\x6a\xe9\xcd\x8f\x84\x43"
	"\xbe\x91\x91\xc9\xae\xda\x0d\xce\x4b\x2b\x92\x21\xaf\x2f\x14\xa4"
	"\x3f\x44\x71\x80\xa0\x60\x36\x65\x7b\xf6\xbe\xf7\x63\x35\x08\x26"
	"\xa6\xce\x43\x65\x2d\x92\xf1\x7c\x30\x21\x11\x9d\x42\x24\xea\xef"
	"\x09\x90\x20\xe2\x23\x90\x34\x09\xb0\xe0\x99\x1d\xa6\x2c\xbc\x13"
	"\x58\xf6\xd6\x25\x05\xc3\x06\xe3\x95\x84\xa2\x60\x6e\xdd\x3a\xaa"
	"\x62\x5e\xd5\x49\xe3\x19\xac\xe6\x18\xac\x3a\xbc\x1f\xb4\x9e\x02"
	"\x05\x59\xb3\xf4\x60\x02\xb6\xf4\x10\xfb\x59\xb9\xba\xb4\x8d\xfc"
	"\x4f\x2d\x6a\xfc\x4b\x71\x81\x3c\x67\x50\x54\x59\xc6\xa1\x41\x34"
	"\x6d\x03\xc0\x3b\x1e\x84\x92\xd2\xf3\x75\x42\xa8\xbf\x7a\x24\xa1"
	"\x3b\x6f\x05\x00\x70\x98\x00\x1c\xd6\x3e\x00\x44\xe3\xf3\x37\x82"
	"\x9f\x27\xc8\x35\xf7\x8c\xa5\xf2\xc2\x25\x67\x8e\x07\x01\x91\x76"
	"\x4b\x9c\x0e\xf1\x62\x97\xc8\x31\xcc\x8e\x44\xed\xda\xf2\xcc\xc3"
	"\x0c\xe4\x6e\x18\x8f\xda\xe4\x86\xf1\xb7\xb4\xa8\x56\x53\x80\xa5"
	"\x7f\x7d\x72\x79\x1e\x17\xa7\x04\x5b\x9e\xf2\x58\x89\xa9\xb1\x49"
	"\xc3\x41\x53\x67\xed\x62\x1f\x26\xc7\xc4\xb7\x0f\x76\x59\xed\x60"
	"\x92\x2e\x84\x94\x0e\xc0\x7d\xf5\xe8\x9c\x82\x4f\x85\x17\x29\x5d"
	"\xd3\x1b\xc6\x53\x54\xb7\xa5\x42\x5c\x10\xe3\x46\xff\x46\xa6\x3c"
	"\xd4\x04\x9c\xf1\x97\xd4\x45\x31\x77\x47\xb4\x52\x35\x01\x65\xb9"
	"\xe1\x7c\x45\x4f\x95\xcc\xf8\x51\xf1\xfc\xfa\x13\xd3\x5b\xd9\x76"
	"\x88\x4b\x8b\xd0\x46\xe6\xdd\x77\xbf\x13\x54\x09\x72\x4f\xd1\x0d"
	"\x5d\x86\x88\xa4\xfd\xb9\xdf\xac\x16\x87\x85\x67\x29\x47\x75\x05"
	"\xb2\x62\x17\x2c\xc0\x73\x5a\x14\xbe\xa3\x24\x83\x28\xe9\x5e\x3a"
	"\x59\x20\x71\xed\xba\x46\x54\xcc\xb3\x15\x88\x47\xbe\x59\xd1\xbd"
	"\xdc\x34\x97\x38\xe8\x24\x7b\x5f\xf6\xfc\x62\xb9\x9f\xfb\x40\x64"
	"\x6a\x8f\x0f\xe9\xea\xb0\xf9\xcb\xb3\x2b\x40\x5d\x0e\xbb\x35\x8e"
	"\xb8\x84\xbb\xc5\xc1\xd3\x1c\x3c\x70\x45\xc7\x53\xf1\x89\xcd\xb7"
	"\xe0\xfb\x39\x72\x6f\x60\x9c\xa5\x72\xcd\x71\x9a\x78\x8e\x91\xd0"
	"\xc3\xe1\xe4\x22\xec\x86\xd5\x36\xaa\xd2\x2d\x64\x0a\x98\xf5\xae"
	"\x75\x4b\x2a\x97\x01\x2e\x0f\x5d\x97\xa6\x1c\xb9\x52\x1a\x85\x60"
	"\xb3\x6f\xe7\xb8\x32\x6c\xa9\xf4\x90\x5b\x77\x9a\xa1\x5a\xe1\x08"
	"\x2b\xab\x23\x30\x4d\xbb\xfa\x4c\x64\xbe\x56\x1b\xe0\x5d\xec\x9d"
	"\xee\xf1\x88\xcb\xc8\xee\x0e\x57\x37\x8e\x56\x11\x22\x23\x85\x88"
	"\x73\xb4\x46\x55\x9c\x64\xc0\x61\x9f\xe5\x49\x98\x67\x18\x2f\x09"
	"\x85\xa3\xc1\xea\x42\x08\x53\x4a\x30\x12\xbc\xe9\x40\x0c\x07\x24"
	"\x15\x9d\x84\x92\x06\x7a\x48\xb4\x54\xaf\xf7\x70\xd5\x75\xd6\xa5"
	"\xfb\x9d\xd4\x19\x46\x59\xfd\x14\xa5\xc4\x7a\xeb\x70\xa7\x49\x79"
	"\xce\x78\xdb\x7e\x4b\x6a\x23\x46\xed\xfe\xc6\x25\xd8\x50\x29\xbd"
	"\xba\x3b\x70\x81\x21\xfa\x82\xc9\x39\x70\xd7\x65\x70\x57\x3a\xe0"
	"\xe0\x18\x91\x67\x49\x0e\xa6\x35\xb7\x18\x47\x4a\x24\x0f\x8d\x0a"
	"\x07\xb9\xf1\xa8\xf8\xe6\x84\x0d\xb9\x3a\x8c\x6a\x61\xb9\xa0\xed"
	"\xf4\xeb\x8c\xb1\xd9\x62\x75\x58\xcf\xfe\x1e\x3d\xbf\x5e\x2f\xf2"
	"\xcf\x4f\xae\xbb\x9e\x28\x29\x19\x58\x2a\xbb\xcb\xee\x89\xad\x3c"
	"\x8d\x1e\xdd\x8f\x04\x7a\x93\x27\x3d\xbc\x9a\xe5\xed\xdc\x8e\xf4"
	"\x14\xe4\x59\x88\xce\x5e\xb8\x7c\x75\x6b\xf0\x4f\x35\x49\x93\x4f"
	"\x9e\x17\x5f\x88\x65\x64\xe2\x79\xff\x59\x31\xc2\x31\x2b\x58\xf4"
	"\xfd\xcf\xb9\xc1\x28\x60\xe4\x85\x18\x92\x1d\x91\xf7\xd6\xf2\x43"
	"\x02\x89\x96\x27\x2b\x08\x72\x65\x9e\xa2\xef\x25\xe0\x69\x07\xda"
	"\x36\x20\x0e\xfa\xe1\xd4\xa9\x93\xaa\x6a\xc3\x3f\x94\xfc\xd9\x9e"
	"\xd5\x80\x95\x52\x96\x6e\x9d\x51\x6e\xce\x4c\xb9\x4a\xba\x7f\x28"
	"\xb5\x4c\x32\xf4\x78\x37\x99\xe3\xee\x5e\xd9\xcf\xde\xef\xd8\xbe"
	"\x98\xf7\x3a\xe1\xf3\xdb\xfb\xeb\xf3\x2f\x3f\xde\xaf\x5f\x66\xe2"
	"\xcf\xe7\xf7\xcf\xbf\xcf\xc8\x3d\x98\x9c\xfe\x82\x61\x98\x15\x55"
	"\x0c\xe6\x89\xd6\x63\x37\xb9\x69\x84\x79\xd9\xae\x68\x6e\xec\xfb"
	"\xe7\xbc\xc4\xf8\x8a\xea\xb1\x88\x73\xa7\x71\x89\x56\x1e\x09\x49"
	"\x51\x99\xdb\x48\x9f\x04\x5b\x7e\x19\x59\xab\xc8\x51\xc0\x91\x99"
	"\x4b\x81\x55\x8b\xd5\xa2\x99\xc8\x94\x56\xcc\x8c\xb8\x4a\x28\xc3"
	"\x98\xbc\xfe\x22\xb0\x12\x53\x35\xe1\xe4\x93\xe1\x7f\x57\x27\x19"
	"\xc7\xb2\xfc\xb9\x5f\x2c\x16\xa8\x29\x48\x01\xc3\xbc\x72\x33\x62"
	"\x32\x6f\x2b\xe5\xe8\xa9\xba\x98\x1e\x42\xe5\x4f\x78\xe4\x88\x98"
	"\x39\x4b\x42\x5b\xca\x43\x96\xc6\x68\xf0\x87\xa1\x58\x98\x1a\xb9"
	"\x19\x4e\xbb\x4a\x91\x8a\x56\xe9\x02\x25\x30\x94\x82\x8d\x01\xfe"
	"\xda\x77\xa8\x5b\x2d\x0f\x5a\x82\xbd\xdf\x24\x21\x98\x5f\x5a\xef"
	"\x15\x02\x7f\x6b\x3b\x97\xba\xe6\x7c\x0f\xd6\x6b\x84\x95\xe2\xb0"
	"\x53\x21\xda\xb2\xac\x71\xf7\x11\xc5\xe6\x5c\x05\x2a\xde\x15\x5a"
	"\x58\x83\x19\xd6\x56\x8c\xa3\xee\xce\x64\xc6\x6a\xb2\xc1\x94\x98"
	"\x6f\x62\x82\x8c\xf8\xf3\x74\x91\xda\x8d\x3d\x2f\xae\x33\x30\x49"
	"\x96\x6d\x6b\x91\xe7\x9c\x3a\xe4\x3c\x0d\x09\x8e\xcd\x24\xa6\x44"
	"\x30\x69\x72\xaa\x13\xeb\xa5\x95\xa3\x15\x31\x4b\x85\xc9\x80\xf6"
	"\x49\x6d\xb5\x40\x74\x98\x3d\x79\xe5\x27\xaf\x27\xc8\xe7\x68\xa2"
	"\x66\x52\x96\x32\xea\x85\xee\x53\x61\xc6\x26\xc6\x37\x64\xa3\xe7"
	"\xf4\x55\x9d\x4e\x2d\xfa\xd0\xf6\xc0\x1c\xa6\x4b\x44\xa3\x2d\x87"
	"\x03\x0b\x28\x7f\x2f\x0f\x42\xb5\x32\xe3\x01\x59\xc0\x96\x93\x75"
	"\x67\x9f\x60\x7b\x32\x3a\x42\xa5\xb4\x59\x21\xb4\x9b\xf0\x96\x4d"
	"\x97\xd4\x10\x33\x0a\xe4\x12\x91\xab\xcf\xcd\x71\xa2\x29\xa0\x40"
	"\x4b\x13\x6a\x05\xef\x4e\x9a\x4d\x1c\x2e\xdb\x23\xb6\xe1\x2a\xb5"
	"\x5b\xc4\x70\x72\x31\x5f\xa3\x67\x43\x9c\x09\x2c\x1d\xfc\xb3\x44"
	"\x28\x71\xba\x63\x62\xa3\x7b\xe3\xc2\x52\x27\x8c\x33\xc0\x2b\x34"
	"\x43\x9d\xcc\x30\x0d\x04\x10\x3c\x14\xc4\x80\xef\x18\x60\xe9\xc8"
	"\xa6\x91\x34\x58\x16\xfb\xc8\x34\x29\x58\x71\x6b\xac\x66\x92\x80"
	"\xe4\x89\xf8\x62\xfe\x30\xd1\x6d\xfb\xe5\xc6\x7c\x41\xf9\x33\x9f"
	"\x98\x68\x9c\x94\x67\x96\x1a\x7d\xcd\xcf\x1c\x7b\x40\xca\x81\xe5"
	"\x24\x2d\x12\xb0\x58\x3c\x20\x16\xfe\xe2\xe1\x71\x39\x51\x0d\x59"
	"\x07\x92\xe5\x46\xdd\x79\xda\xc8\xd9\x8a\xe8\x5f\x81\x86\x4a\x59"
	"\x92\xba\xf1\x52\xc5\x65\x44\x76\xd4\x29\xa1\xa5\x39\x0b\x1f\xc4"
	"\x7e\xbf\x76\x1f\xb8\x40\xda\x2c\x3c\x24\xf9\xd9\x14\x21\x7f\x92"
	"\xa5\x36\x88\x92\xd5\xaa\x4f\x3e\xda\xab\x32\xba\xdc\xff\x8c\x58"
	"\x6c\x4b\x62\xb3\x5c\x4b\xea\xc4\x72\xe3\x8f\xa5\x61\x98\x03\xbf"
	"\x17\x73\x64\x30\x23\x46\xd2\x6c\x82\x0d\xce\x88\x64\x6a\xb9\x51"
	"\x66\x9f\xe4\x66\xb6\xc4\x7e\xb5\x5f\x4e\x54\x52\xfe\xb3\xcc\xb3"
	"\x9c\x5b\xa1\x00\xd4\xeb\xfa\xa9\xb3\x6e\xbf\x3a\xcc\xcd\x03\x6a"
	"\xf9\x30\xdd\xe1\xd9\x59\x9e\xef\xc6\xd5\xab\x8a\x7e\x1e\x5a\x3b"
	"\xe8\x38\x63\xfe\x90\x98\x82\x43\x9c\x63\xfe\x94\xfa\xb8\x7b\x2c"
	"\x3b\x26\x66\x90\x83\x58\x72\xfd\x72\xb0\x9d\xfd\xf5\xc8\xe0\xd9"
	"\x55\x94\x4c\x88\x40\x9d\x56\x55\x2f\xf4\x94\x92\x15\x76\xf5\x73"
	"\x4a\x51\xa6\xf1\x94\x1e\x51\xb1\xb6\x61\x59\x8b\xe6\xc3\x7c\xb2"
	"\xdf\x6a\x58\x93\x14\x5e\x0a\x18\x75\xa4\x64\x87\xed\xe9\x27\x09"
	"\x1e\xc9\x1b\xe3\x62\xc1\x1f\x6c\xc5\x0c\xd6\x62\xbf\x58\x1d\x90"
	"\xcb\x48\x20\x55\x39\x62\x89\xbd\x5f\x6c\x0f\x53\x1f\xcb\xe0\x32"
	"\xc9\x29\x9e\x95\xa1\xd1\xfd\xe5\x76\xbe\x9e\x98\xe5\x20\x2e\x59"
	"\x1e\x7d\x07\x92\x20\x5c\xf2\x41\xe6\xc5\x07\x9c\x31\xed\xe4\x7c"
	"\x14\x4c\x8f\x3f\xab\x13\x92\x94\x64\xe6\xad\xc5\x61\x39\x5f\x2d"
	"\x26\x8a\x4b\x0c\x41\x4d\xfe\x3c\x60\xf7\x03\x89\x58\x1c\x10\x52"
	"\x34\x31\x88\x82\x0b\xa3\xf3\x04\xa7\x87\x85\x7b\xea\xb2\x22\xa1"
	"\xe8\x15\x85\x2c\xe6\xb0\x40\x32\x2a\xe2\x7a\x6a\xe7\x11\x95\xda"
	"\x7a\x8d\xca\x54\x1c\x84\xdb\xe9\x9e\x37\xb5\x36\x31\x29\x8a\x47"
	"\xce\x10\x23\x16\x18\x5d\xe4\x69\x0d\x05\xe7\x21\x19\xb2\x7b\x26"
	"\xf5\x44\x25\x1e\xb3\xbc\x90\x32\x9c\xd1\x80\x3e\x4d\x5d\xce\xc9"
	"\x66\x80\x19\xa0\xbf\x94\x8a\xc5\x75\x65\xec\x6b\x5d\xca\x44\x2e"
	"\x33\x47\xd2\xd2\x42\x1e\xbe\x04\x8b\x4d\x67\x29\xeb\xc6\xe5\x9d"
	"\xcd\x0d\x59\xfe\x6c\xcb\x58\x6e\x9d\x6e\x3e\x5b\x52\xc1\xe1\x02"
	"\x75\xfb\x77\xd4\x8a\xbd\x24\x9f\x32\x33\x8e\x58\x97\xd2\x5e\x36"
	"\xd8\xc4\xba\x01\x56\x08\x20\x0a\xc3\x04\xe3\xc3\x0b\x57\xb7\x15"
	"\xf1\x63\x9a\xe8\xc6\x3f\x17\x99\x32\x98\xe7\x28\x9e\xec\x97\xdb"
	"\x6b\x46\x97\x7f\x10\x80\x80\xbe\x00\x6c\xa5\x30\x19\xa0\xc3\x24"
	"\x55\x40\x30\x97\x02\x0a\x50\x4b\xd1\xa7\x6e\xf0\x47\xf7\x06\x0a"
	"\xde\xaf\x96\xcc\x53\xdc\x84\x5c\xa2\x30\x39\x05\xcd\x19\x4e\xef"
	"\x45\xf2\xb1\x41\x68\x92\xcc\x64\x37\x79\xba\x05\x14\x5b\x80\x70"
	"\xaa\x7f\xe4\x09\x94\x55\x72\x9a\xa0\x80\x6a\x3f\x5f\x35\x28\x59"
	"\xf6\x36\xd8\x52\xf8\xe8\xfb\x9d\x8f\xde\x6b\x82\x50\x00\x4d\x28"
	"\x09\xf1\xea\x85\xe4\x9c\xf8\xb2\x87\x85\xe4\xac\xd6\x7b\x3f\x7d"
	"\xbb\xb3\xe9\xb7\x1b\x85\x86\xa9\xbe\x33\x2c\x7b\x68\x91\xca\x81"
	"\xc7\x4a\x54\xa2\x5b\xdb\x5c\xc8\x23\x0a\x49\xc1\xfe\xa2\x5a\xcc"
	"\x17\x0b\x8a\x63\x9a\x0a\xa5\xf5\x32\x0b\x4e\x57\x8c\xbb\x97\xac"
	"\xf8\x68\x3f\x02\xb8\x55\x14\x91\x29\x8f\x2c\x04\xff\xc8\xc9\x9b"
	"\xbd\x67\x50\x50\x3a\x9c\x4b\x38\xb1\x92\xa2\x6d\x83\xc4\xcb\x64"
	"\x25\x91\xbb\x52\x42\xf1\x01\x3a\xc3\x35\x19\x38\xa0\x40\xe8\x4d"
	"\x92\x26\x99\x5c\xfa\x72\x61\x2d\x4b\xf8\xdb\xd7\xc7\x52\xb6\x39"
	"\x1c\x36\xdc\xa5\xca\x2b\x0a\xed\xf9\x83\xfc\xd1\x06\x22\x34\xc3"
	"\x4d\x42\x62\xc8\xe0\xe5\x31\x33\x13\x6d\x07\xc1\x90\xc6\x8b\xc2"
	"\x42\xa9\xbb\x4a\xd3\x50\x44\x26\xe7\x06\xaa\x32\x3f\x97\x9b\x01"
	"\x26\x54\x8a\x1e\x0c\x02\x12\x8a\x4c\x98\xdf\x51\x36\x29\x66\x92"
	"\xb2\x52\xa9\x2a\x63\x5d\x08\xb7\xbe\x4b\xa4\xb1\x61\x96\x1e\xf4"
	"\xbe\xb3\x94\x35\xab\x61\x94\x23\x49\x94\x54\x14\x7d\xd7\xf6\x40"
	"\x2e\x98\xee\x06\xc8\x05\xc4\x8d\x75\x3a\x08\x02\x6a\x59\xa5\xfb"
	"\xc5\x66\x6e\xd6\xa4\x4b\x5c\xda\xb5\x90\x87\xf0\x6e\xef\x7c\xdb"
	"\x0c\x54\xf9\xc7\xb8\xc3\x19\x9a\x44\x9a\xfd\x7e\xb1\x6b\x30\xc2"
	"\xa1\x5d\xec\xf6\x64\x4c\xa5\x21\x55\xf7\x42\x4e\x4a\xcb\x18\x77"
	"\x13\x3a\xcf\x6d\x46\xb5\x81\x14\xd7\xb2\x93\x92\x01\x81\xb4\x60"
	"\x28\x83\x07\x89\xb3\x90\x90\x1f\xb6\x88\x8d\xc6\x00\x11\xe5\x61"
	"\x87\x1c\xfb\x1a\x64\xef\x14\xbc\x6f\x00\xb9\xc8\x77\x9d\xbe\xc6"
	"\x41\x39\x58\x9a\x9c\x81\x76\x4c\xb7\xcb\x39\xf1\x14\x9b\xc1\xd6"
	"\xba\x9f\xbb\xf2\xc2\xc6\x1d\x78\x2b\xcd\xa9\xd8\xed\x57\xfe\x86"
	"\x95\x10\xe4\xb4\x8d\x73\xe7\x73\x29\xbd\x7f\x45\x1d\x08\x36\x5c"
	"\x9b\xbb\x87\xb1\x83\xd8\x75\x25\x69\xd2\xf2\xcd\x76\x85\xbf\xf1"
	"\x24\xd9\x72\xb7\xc4\x3a\x37\x60\xe9\x83\x6e\x58\xa2\x32\x94\x5c"
	"\x6e\x15\xf5\xa8\x4b\x59\x21\xf2\x6c\xb9\xdf\xef\xf1\x65\x47\x97"
	"\x96\x0c\x63\xb5\xe3\x13\xa9\xcb\x5a\xb8\xfa\x9b\x36\xfb\xe5\x6a"
	"\x31\x6f\x7d\xcb\x56\x85\x97\x27\x29\x47\x6c\x7d\x06\xc8\x49\x9e"
	"\x26\x97\x0b\x72\x95\x0d\xa0\x58\xe4\xde\x02\xe4\xb9\xbc\x59\x34"
	"\xf8\xac\x4e\x8a\xd8\x57\x4d\x91\xb0\xb2\x24\x2d\x76\x11\x05\x90"
	"\x73\xba\x9d\x58\x12\x34\x96\xd2\xa5\xab\x2b\x2f\x9d\x18\xaa\xfd"
	"\xba\x5f\xe3\x72\x4b\x92\x97\x29\xff\xcf\xd8\xb5\x6c\xb7\x8d\x23"
	"\xed\x57\xf1\xe9\xd5\xcc\xa2\x27\xbc\x93\x5a\xcc\x02\x22\x29\x09"
	"\x31\x6f\x21\x20\x89\xf6\x86\xc7\x6d\xbb\x3b\x3e\x93\xd8\x39\x8e"
	"\x7b\xfe\xcc\xdb\xff\x28\x90\x92\x08\x0a\x05\x70\x91\x6e\x0b\xf5"
	"\x11\x04\x41\xb0\x50\x00\xaa\xbe\x4a\xf4\xe4\x61\xca\x75\xea\xd1"
	"\xb7\xf8\x69\x70\xdd\x12\xd2\xf0\x16\x97\xcc\x77\x8a\xa6\xd2\xd5"
	"\x2d\x2e\x81\x4c\xe1\xc8\x6a\xae\x2d\x56\x2e\x12\x3d\x2d\x2e\x8d"
	"\x6e\x91\x9c\xba\x6d\x18\x7a\x3e\xb2\x1a\x11\x7a\xc1\x45\x6b\x9c"
	"\x6d\x1d\x5f\x2e\x4b\x2b\x3f\xd2\xaa\x7a\xb5\x33\x4b\x75\x23\x54"
	"\x16\x20\xf7\x8a\xa3\x34\x74\xba\x7e\xa6\x69\x34\xb5\xea\x4f\x41"
	"\x91\xb3\xc9\xc0\x37\x78\xda\xae\xc1\xd9\x17\x5b\x5d\x80\x70\xa3"
	"\xdf\x32\x3a\x5b\xdf\x47\xba\x51\xd6\xa9\x92\x8b\x10\x51\x83\x52"
	"\x86\x35\x53\x5e\x17\x18\x64\xa1\x41\xb6\xc2\x65\xa1\xa1\x4e\x07"
	"\x89\x85\x1f\x85\x86\x96\x86\x89\x41\xa6\xdb\xf6\x92\x92\xc8\xbd"
	"\xea\xaa\xd8\xf0\x58\x89\xe1\xb1\xbc\xc0\x35\xf4\x71\x68\xea\xac"
	"\xe0\x68\xba\x32\xd0\x37\x3e\xdb\x65\x40\x6d\x05\x0e\x6e\xff\xfe"
	"\xed\xd3\xf3\xc7\xe3\xa7\xff\x7b\xf9\xf3\xe5\xd3\x1f\x8f\xdf\x9f"
	"\xbe\x3e\xf5\x3f\x3f\x1e\xfe\xf5\xc7\xcb\xeb\x6f\xb3\x0b\xaa\x43"
	"\x2b\xc9\x24\xd5\x6b\x5e\xff\xfb\xfe\xf0\xbd\x7f\x7d\xfe\xf8\xd7"
	"\xc7\xaf\x8f\xdf\xb4\x23\x6a\x4e\x5f\x33\xfd\x06\xc4\x7a\x19\x28"
	"\x1d\xa5\xaf\xb1\xeb\x38\x13\x19\x5d\x4f\x19\x77\x8e\x40\x8f\x57"
	"\x94\x63\xfe\xdd\xcb\x77\x5b\x88\x25\x48\x85\x3f\x24\xf0\xd4\xcc"
	"\xde\x92\x2c\x86\x85\x47\x51\xa7\x10\xaa\x4a\xb3\x19\xc1\x04\x02"
	"\x15\x6d\x1f\x79\xbd\x54\x40\x5d\xaf\xa5\x11\xd0\x1f\xc9\xad\x72"
	"\x2f\x06\x19\x6a\x85\xae\xda\xd6\x6c\x9e\x1c\x6a\xda\x03\x9c\x7d"
	"\x39\xa5\x27\x57\xa2\x31\xa7\x2a\x02\x6e\x7c\x65\x3f\x8c\xf7\x07"
	"\x3f\x3b\x68\xc3\x2c\xbf\x96\xbc\x9c\x54\x5f\x9a\xbe\x85\x1d\x3a"
	"\x20\xc5\x01\xc7\x05\x95\xfe\x7a\xfc\x86\x23\xd3\x10\x8a\x2c\xea"
	"\xeb\x74\x7e\xae\x11\x5d\x1d\x5f\xd2\xe6\xe8\x61\xfb\x48\x20\xf3"
	"\x30\xd9\xb1\x08\x56\x51\x88\xc9\xfc\x55\x80\xca\x60\x00\x5a\x9e"
	"\x40\x72\x7d\x32\xaa\xb4\x14\xde\x28\xc2\x3b\xb2\x83\x00\x54\xfd"
	"\x19\x71\x13\x06\x1a\xc6\x9f\x8b\xb8\xa5\xac\xd4\x7e\x93\xd3\xe6"
	"\x68\x8e\x22\x0b\xba\xce\x5b\x8e\x04\x3f\x9c\x84\xd2\xd7\x16\x28"
	"\xee\xf4\x0b\x55\xe8\x08\xc4\x91\xac\x3c\x16\xc9\xad\xad\x55\x79"
	"\x46\xc9\xcc\x04\x29\xc5\x24\xe7\xb8\x7b\xcb\x95\x2d\x99\xfb\x37"
	"\xb4\xdc\xeb\x50\xfb\xc7\x70\x78\x21\xd7\x69\x88\x6b\xfc\x20\x8b"
	"\x75\xc4\x9d\xbc\x00\x4b\x63\xc6\xc9\x09\xf0\x95\x97\xe6\x78\x65"
	"\x2b\x8f\x19\xa5\x19\x2e\x8d\x3d\x9f\x18\xa5\x6b\x43\xcd\x49\x92"
	"\x1b\xef\x6b\x90\x0a\x83\x90\x18\xaf\x4d\xf7\xa8\xb4\xeb\x3a\xeb"
	"\x9b\x64\x8a\x75\x20\x7e\xf6\x2b\xd7\x66\x34\xa9\x0a\x3b\x3d\xba"
	"\x9e\xf5\xd5\xab\x9b\xe5\xc7\xc2\xf5\x90\x23\x65\x10\x21\xc7\x78"
	"\x42\x94\xa0\x22\xe4\xd0\x7b\xda\x86\xfb\xbb\x8c\x5c\x2d\x66\xee"
	"\x33\xd1\x7a\x7d\x53\x40\xe4\xba\xed\xd1\xcc\x4f\xbb\x3b\x32\x5a"
	"\x2e\x58\x55\x1e\x51\x3f\x5e\xda\xf2\x7e\xae\xd3\x06\x66\x9c\x57"
	"\xc8\xd2\x7b\x73\x7c\x01\x56\xc0\x7f\x8c\x9c\xe7\x2f\xaf\x7f\xdd"
	"\xbc\x0d\xdc\x9d\xff\xbc\xf9\x78\x13\xe8\xe7\x9b\x8f\xaf\x27\x94"
	"\x66\x93\x18\x5b\x5a\x1d\xca\x0e\x5c\x26\x91\x28\xc6\xac\xc2\xf8"
	"\xb0\x34\xc4\x2e\x3f\xfe\xfe\x40\x23\x87\x25\x47\xee\x24\x63\x15"
	"\xfc\x3c\xf1\xe9\x2a\x65\x9b\x0d\x4c\xc8\xc5\x2c\x3d\xca\x20\x03"
	"\x27\x62\x8c\x09\x7f\x40\x30\x49\x89\x7d\x8b\x31\x4b\x0d\xa0\x92"
	"\xf0\x96\x76\x73\x90\x7c\x88\xfd\xcf\xe7\xf7\x6f\x0f\xaf\x4f\x37"
	"\x2f\x27\x4a\x07\xa5\x13\xc7\xeb\xeb\x3d\xcb\xcd\xed\xf8\x5c\xdf"
	"\xcd\x00\x8a\x38\x3f\xcc\x38\xfa\x4e\xc5\xfa\x28\x8f\x41\x7a\x9b"
	"\xdf\x81\xbd\x75\xd5\x8b\xa2\x5c\x4c\x4d\xeb\x7a\x4a\x10\x3b\xe5"
	"\x33\x1e\x38\xb6\xef\x66\xa5\xf0\x4b\x06\xbd\x57\x6a\x34\x58\x9e"
	"\x9e\x38\x49\x59\xa3\x46\x92\xf1\x7a\x9f\xee\x58\xda\xe6\x79\x35"
	"\xd8\x2d\x23\x0b\xf8\xe4\xed\x63\x24\xb4\xe7\x86\xae\x6b\xa1\xaf"
	"\x15\x8f\x93\xb1\x4c\xac\x7a\xf5\xab\x9b\x09\xa0\x09\x43\x64\x1b"
	"\x63\x06\xd2\x59\xf6\x17\x08\xbf\x5d\xeb\x9b\xf0\x85\xbb\x0e\xb2"
	"\x66\x9d\x60\x3c\x37\xb2\x60\x8a\xdb\xdb\x75\x66\x6a\x82\x24\x14"
	"\xd6\xb5\x40\x72\xa0\xc0\x28\x47\x72\x34\x9d\x81\x3c\x25\x51\xe0"
	"\x46\x56\x50\x12\xb8\x96\x1e\x1b\x3e\x06\xcb\x03\x95\x89\x8f\x2c"
	"\xcb\x15\x8c\xef\xdb\xee\xd5\xc5\xb3\x75\x97\x06\x94\x32\x0b\xa0"
	"\x69\x85\x46\x36\x63\xc4\xc0\xe6\x88\xad\x76\xc6\x40\xf2\x0f\x98"
	"\x2f\x2c\xb7\x1b\xbd\x12\x2c\x20\x5e\x1f\xc9\x11\x61\xeb\xbc\xa0"
	"\xf6\xd5\xed\xda\xf2\x66\x6b\xa1\x96\x02\x33\xa4\xe3\xd6\x5a\x52"
	"\xd2\xb8\x6e\x67\x79\xad\x6b\x24\xbb\xc0\x44\xcb\xa1\xca\x48\x28"
	"\x38\x48\xe8\xab\x58\x71\xa7\x32\xb1\x3a\x21\x18\x4f\xd0\x05\xe3"
	"\x67\x16\x00\x72\xb8\x7c\x06\xa4\xf5\x1a\x89\x1e\x3b\x43\xb6\x1b"
	"\xc4\xdf\xf6\x82\xc0\x52\x9f\x2a\x88\xbe\xb4\x81\xf6\x54\x7c\xb4"
	"\x25\x12\x2e\x77\x86\xc9\x05\x09\x49\x2d\x28\x46\xb3\xfc\x48\x2b"
	"\x2c\xdd\xe5\x19\xc7\x4b\x44\x67\x5e\xee\x27\xfd\xb9\xcc\x98\x23"
	"\x69\x5b\x5a\x5b\x6e\x55\x92\xad\x74\x60\xb4\x34\xbc\x21\x69\x5e"
	"\xb7\xeb\x05\xa8\x35\x41\xbc\x05\x2f\x30\x4e\xab\xad\xb5\x0b\x8e"
	"\x34\x13\x3f\xcc\xa0\xfb\x5d\x5e\xed\xf6\x96\xa1\x42\x58\xe8\xb8"
	"\xae\x19\x03\xb3\xfa\x5e\x9b\x0e\xfe\x0c\xe9\x1a\x32\x89\x9f\x53"
	"\x8a\x85\x69\x83\x49\x74\x86\x90\x4c\xe7\x3a\x99\xec\x87\xdf\xc3"
	"\x5e\x7f\x9a\xa7\xd3\xdb\x4c\x45\xb4\x19\xd6\x56\xd7\xa2\x2d\x9f"
	"\x2e\xe7\x27\x82\x1d\xa9\x84\x75\xb8\xd5\xca\x6e\xd7\xe2\x87\x1a"
	"\x00\x78\x96\x69\x0e\xe4\xe6\x30\x96\xb7\x94\x14\x62\x8c\x09\x0b"
	"\x25\x40\x95\xc9\xc4\xb2\xd0\x9b\x1b\x4d\x0b\x39\x45\x38\x55\x39"
	"\xb8\xa7\x08\x92\xb1\x38\x41\x88\x17\x55\x5c\x9c\xc4\xf1\x32\xd8"
	"\xca\x0e\x6b\x5d\x61\xfd\xcf\x49\x13\xf5\x50\xd8\x51\xee\x4b\x24"
	"\x63\x88\x82\xdc\x0b\x1b\x80\x76\x29\x6d\xad\xd0\xf5\xde\x73\xb1"
	"\x0d\xd0\x29\x0e\x9c\x01\xea\x2a\xef\x69\x5a\x25\x3e\x62\x11\x28"
	"\xf8\xbb\x24\xe5\xe5\xd6\x45\xf6\xdb\x55\x28\x07\x4b\x11\x75\x46"
	"\xbe\xc6\x06\xcb\xc0\xd9\x5d\x45\x1a\x24\x90\x77\x8a\xdb\x91\xb2"
	"\x61\x3b\xba\xa0\xc6\x3c\xe7\xd4\x0e\xda\x92\x82\x74\x0b\x61\xe3"
	"\xf8\xb6\xa2\x37\xfb\xcf\x94\xb3\xbd\x15\xb7\xad\xeb\x8c\xda\x6f"
	"\x4e\x0b\x2a\xde\xbb\x1d\xb7\xdd\x57\xf7\x0b\xba\xe5\x96\x6f\x3c"
	"\xd7\xb3\x7f\x14\x39\x36\x01\xa8\x20\xfb\x2b\x93\xea\xa0\x3f\xa2"
	"\x44\x01\xd7\xd8\x25\x5f\x98\xb0\x2e\x5d\x37\x59\x50\xa5\xb0\x30"
	"\x43\xcc\x01\x57\xc1\x95\xcc\x75\x03\x3b\x2c\x2f\x36\x84\xf5\x25"
	"\x6d\x16\x60\xe5\x0f\xfb\x0b\x2e\xbb\x68\x5f\x88\x25\x98\xfd\xa9"
	"\x69\x95\x77\xd4\xde\xe5\xe5\x6d\x8c\x9c\xa2\x28\x7a\x36\xaf\x64"
	"\x0a\x0f\xfb\x5b\xce\xc4\x4a\x9d\x87\x9d\x63\xd7\xb8\xf2\xef\x96"
	"\x6e\x77\x7c\x19\xf4\x48\xed\x83\x6c\xa1\x7a\x3c\x66\x5c\x3a\xa7"
	"\x2d\x19\x3d\xd2\x3b\xa5\x2e\x9b\x9a\x51\x9e\x2f\x6b\x29\x15\x6b"
	"\x41\xbb\xee\x15\x2f\x51\xaa\x89\x7a\x09\xd2\x73\x9c\x60\x21\x2e"
	"\x5c\x88\xb3\x7f\xd7\x6d\xd9\x23\x1c\x39\x53\x14\xa3\x45\x4e\xb2"
	"\x05\x30\xb6\xa8\xbf\x19\x77\x3d\xdf\x3e\x22\xd9\xbe\xdd\x08\x73"
	"\x07\x67\x2f\x56\xc0\x5d\x12\x85\x0b\xfa\xaf\x61\x51\xe8\xc4\x76"
	"\xfd\x79\x8f\x9b\xcf\x4a\xff\xd5\xbb\x72\x98\x8a\x3d\xfb\x70\xd8"
	"\x41\x16\x2a\x39\x21\xb3\xdc\xfe\x45\xc0\x76\xcc\x92\x77\x23\x61"
	"\xfd\xb6\xa8\x0f\xf9\x9c\x1d\x48\x3f\x21\x71\x9d\x1f\x95\x4e\xab"
	"\x31\xe6\x3a\xce\xdc\x36\x95\x4a\x79\x92\x84\xa7\xb9\x28\xf5\x95"
	"\xe3\x26\x4a\x6c\x88\x2a\x5b\xa1\x46\x60\x49\x55\x77\xf8\xa1\x54"
	"\x18\x62\x6e\xd0\x19\x96\xa9\x83\x5d\x25\xd6\xbb\xb8\x66\x1d\x80"
	"\xeb\x92\xb8\x08\xe5\xfb\xb8\xfb\xe6\x77\x8e\x78\x8d\x1c\xdb\x38"
	"\x18\x9b\x59\x92\x24\x30\xd6\x53\x36\x7b\xdf\x31\x22\xb6\x8d\x47"
	"\x8c\x62\xf0\x3d\xce\xf3\x06\x59\xfd\x4c\x50\x9c\x16\xdc\xb4\x61"
	"\x34\x81\x66\x39\x9c\xc5\xb6\xc6\xae\xa4\x32\xfb\x10\xcf\x3d\x03"
	"\xea\x36\xbf\x13\x2b\xb8\x6a\x44\x9a\x80\x1d\xff\xbc\x32\xc8\x07"
	"\xc6\x57\x62\xac\xe3\x2e\x27\x28\x0b\xe4\x80\x48\x4b\xd7\x31\xdd"
	"\xe5\x9c\x7b\x0d\x62\x13\x38\x4d\xd1\xf1\xb7\xd7\x6e\x51\xcf\xb7"
	"\xea\xc6\xa6\xa7\x9b\x24\x44\x58\x96\x46\xc4\xb1\x5c\xf8\x0a\xdb"
	"\x9a\x93\xf6\x0e\x42\xd9\x6c\xaf\x27\xeb\x0a\xdf\xf8\x2d\xd0\x12"
	"\xd2\xd6\xec\x8d\xbd\x45\x7c\xcc\xf4\x19\x77\xd0\x65\xee\x27\xf8"
	"\x08\xc4\xea\xa6\x25\x77\x06\x68\xd6\x1e\xbc\xc8\xe9\xc6\x8e\x65"
	"\x36\x64\x14\x2e\x46\xc6\x46\x64\x5b\xd2\x40\xcf\xa3\xbf\x7b\x78"
	"\x7f\x92\xec\xf4\xf4\x53\x7d\x73\x62\xa7\x3c\xef\x6c\xb7\xea\xab"
	"\x94\x05\xf0\x5f\x34\xee\x7f\x40\x40\xf6\xb4\x5b\x8c\xac\x4f\x22"
	"\x9a\x54\x68\x73\x5d\x00\xe8\x20\x2e\xe8\x5a\x88\xaf\x6f\xdd\x92"
	"\xa3\xe9\xb6\x03\x79\xc6\xac\xe2\xf9\x9d\x81\x62\xb6\x30\xb6\xbe"
	"\x4d\x2d\x75\x90\x66\x8d\x01\xf6\xb8\xe1\xb2\x25\x65\xae\x4d\xe4"
	"\x90\x7e\x7d\x78\x7f\x78\xfc\x78\x7e\x9f\x24\x45\x39\xcd\x2f\x53"
	"\x32\xa4\xc3\xe4\x5b\x1b\x99\x65\x80\xa5\xaa\x62\x85\x74\x3d\x67"
	"\x53\xe4\x09\xa0\x2b\xeb\x59\x21\xbe\x33\x85\x0e\x5c\x87\xbe\x14"
	"\xf7\x6b\x2a\x29\x7f\x26\xfe\x93\x15\xed\x56\x49\xdf\x70\x35\x84"
	"\x68\x70\xc8\x92\xc5\x68\xf7\x91\xa2\xaf\x06\xba\xd5\x0c\x23\xad"
	"\xac\xea\xfb\x1a\x8b\x0b\xed\xb7\x4c\xbf\x07\x2b\xb3\x9d\x09\x63"
	"\x4a\x9b\x19\xb0\xc8\xc4\x5c\x29\x99\x93\x21\x87\x9d\xca\xd3\x7e"
	"\xc0\x92\x17\x09\xd1\xed\x4c\x36\xd0\xb9\x3e\xbf\xbf\x3c\x7c\xbb"
	"\x26\xb3\x19\x9f\x4e\x66\xcf\x9a\xc5\xe9\x8f\xa2\xc4\x53\x67\xb9"
	"\x21\x91\xe4\xdb\xeb\xef\x52\xf0\x73\xa8\x57\x12\xeb\x68\x98\x9e"
	"\xc6\x3a\xe0\xe3\xea\x9b\xc2\x71\x1d\x53\x17\x9f\x51\xae\x09\x75"
	"\x6a\xaa\x4c\x5b\x06\xe1\x09\x88\x0b\xef\x08\xd7\x85\x1b\x2a\x12"
	"\xc9\x03\xcd\xfa\xc0\x5a\xc5\x00\xfc\xb7\x17\x20\xe2\xab\xf1\xc8"
	"\xfc\xf4\x42\x84\x27\x09\xac\x65\x6a\x4a\x07\xb9\x7e\x27\xec\x27"
	"\x5d\x3b\x85\x25\xe9\xa3\x61\x81\x53\x48\x67\x82\xc0\xfd\x8b\xd9"
	"\xa2\x47\x45\xa8\x24\xf1\x93\xc2\xc9\x93\xcd\x6b\xfd\x8c\x0c\xec"
	"\xd3\xa3\xa5\x69\x85\x84\x78\x9c\x11\x6e\x44\x59\xdc\x19\xdb\x3e"
	"\x2a\xc9\xcf\x9c\x6c\x51\xd2\x6e\x15\x6a\x83\xd1\x4d\x17\x75\x91"
	"\xb1\x4f\xc7\x00\x92\x86\x59\x2b\x13\xca\xd7\x24\x6e\x1b\xcf\x24"
	"\xde\xb0\xa2\x2f\x1a\xdb\x3d\xc4\xaf\xbc\x23\x95\x98\x3a\xe9\x96"
	"\xa6\x42\x23\x20\xeb\x62\x7e\x07\x6e\x4a\x15\xd7\x1b\x53\xbb\x43"
	"\xda\x67\x29\xc2\x59\xd6\x94\x14\x36\x89\x33\x3d\x71\x17\xe4\x5f"
	"\x10\x42\xd5\xcf\xf5\x5c\x28\xf3\xff\x88\x49\x04\x53\x4b\x17\xe0"
	"\x40\x33\x6a\xba\xc1\x85\x32\x07\xb9\xb8\x67\xc7\x6c\x9a\x1b\xf4"
	"\xae\xad\x20\xc8\xab\x61\x72\x69\x5f\x50\x32\x63\x32\x3a\x21\x08"
	"\x2d\xc0\x8a\xa6\x42\xdb\x0b\xd5\x0a\x5b\xd7\x9a\x66\x68\xc0\xb3"
	"\xf3\xf8\x11\x01\xa9\x19\x86\x24\x6e\x97\x9c\x0b\x93\xe4\x56\x0d"
	"\xf0\x9e\x5c\xeb\xe1\x91\x0f\xf3\x51\x33\x7d\x4e\xb8\xd6\x8f\xa6"
	"\x6c\xa3\x3c\x15\xff\x9a\x12\x8b\x7a\x2a\xee\xd6\xea\x6e\xfd\x70"
	"\x72\x2f\x16\xeb\xd7\xee\x1a\xd3\xcc\x9e\xe2\x47\x2f\x4f\x0c\x69"
	"\xb5\xa9\xd5\xe2\x81\x09\x7f\x56\xb6\x13\x50\xe9\xde\x30\x29\x2c"
	"\x65\x64\xc2\x10\xd0\xf8\xf7\xb7\x8f\x97\x1f\xdf\x9e\x7f\x89\x67"
	"\x84\x9b\xa7\x5f\x5f\x7e\xe8\x66\x08\xb8\x8c\xb4\xeb\xc1\x4a\x4e"
	"\xc1\x5f\x21\xaf\x90\x30\xfd\xf1\x0e\x78\x38\xe7\x09\xd0\xa4\x64"
	"\x15\x22\x3e\xb9\x2a\xe6\x97\x19\x43\x2b\x34\x09\xc5\x09\x83\x45"
	"\x8c\x82\x3c\xcb\x91\x5a\x26\x98\x31\x27\x2d\x4c\xf3\x67\x2f\x0b"
	"\xd1\x5d\x67\x1b\x17\x52\x22\x5d\xba\x6d\x1c\x43\x37\xac\x84\xf2"
	"\xaf\x90\x12\x69\xcc\xf7\xfd\x0d\xc6\xd2\xb5\x43\x90\xec\xde\x82"
	"\xba\x21\xe2\xb2\x7d\x96\x47\xbe\x59\xde\x19\xe4\x65\x16\x87\x91"
	"\x49\x0c\x6c\x6e\xa8\x9c\x62\xbb\xb9\x52\x88\x71\xe0\x83\xb0\xa1"
	"\xb4\x0b\x50\x69\x25\xf7\x75\x3c\x54\xce\x28\x0b\xc3\x55\x68\x92"
	"\x47\x88\xf3\xfc\x28\x5e\x45\x1d\x2a\x3e\x20\x91\x30\xa3\x6c\x76"
	"\xe6\x71\xf9\x46\xff\xf7\xf3\xe3\xf9\xfb\x10\x21\x3d\xe6\x77\xff"
	"\xc7\x77\xf1\x9a\xbf\xfd\xef\xe6\xf9\xfb\x1f\xcf\x4f\x4f\xcf\x4f"
	"\x37\x9f\x46\xd4\xef\xc2\x08\x7b\x14\x9f\xd5\x3f\xe7\x2f\x7c\x64"
	"\x73\x43\xef\x9f\x42\xc8\xb3\xf1\x2b\xca\x72\x46\xb7\x95\x4c\xc7"
	"\xac\xe3\xbb\x46\xb1\x48\x84\x09\xc0\xf2\x32\x3f\x78\xc8\x47\x30"
	"\xe8\xf5\x50\x55\x26\x73\xbb\xe8\xa2\x7e\xe5\x1c\xd0\xe4\x79\xa6"
	"\x46\xf4\x8a\x6b\x8c\x0f\x55\x09\x4d\x9d\xd1\x5b\x54\x5e\xe3\x7e"
	"\x22\x72\xb4\xa5\xc4\xde\x19\x4d\x47\x8c\xbd\xd0\xde\xfa\x1d\x46"
	"\x65\x2c\xec\x45\x2f\x70\x9d\x51\x2d\xab\x83\x6d\x10\x19\x06\x63"
	"\xc9\x11\x4a\x4f\x10\x8f\x51\xe7\xf8\x68\x1d\x8c\x9d\x6b\xa7\xc4"
	"\x5f\x62\x8a\x7a\x15\xf6\xbd\xc0\x7c\x1a\x74\xce\xc3\xd3\xc3\x8f"
	"\x0f\x5c\xd7\x64\xb4\x06\x2f\xcc\xbd\x87\x37\x66\x4c\x6b\x2b\x16"
	"\xcc\xd8\x69\x81\xec\xa8\x7a\x5d\xf3\xcd\xfe\xfe\xbe\xaf\x19\x92"
	"\x5a\x49\x3e\x19\x11\x63\x21\x3f\xe0\x2f\x84\xd3\xea\x6e\x1e\xc5"
	"\x23\x1b\x5d\x7f\x7c\x1d\xa6\xa6\xf1\xc1\x26\x9f\xdc\xfc\xa1\x18"
	"\xdf\xaf\xf1\xae\x2f\xc8\x21\x37\x7c\x1c\xe0\x65\x87\xe7\xe0\x3c"
	"\x43\x48\xb1\xad\x2d\x90\xb5\x36\x2c\x96\xa9\xd9\xc8\x20\x2f\x07"
	"\xc6\x23\x0d\xb2\x92\xb0\x21\x28\x79\x58\x16\x36\xf4\xa6\x7c\xf8"
	"\x09\x2f\x34\xbd\xcc\x23\xd9\x75\x37\xc8\x74\x1f\xd2\xb6\xd6\x5b"
	"\xa9\x20\xee\x86\xac\x20\x03\x09\x90\x76\x9d\x31\xa4\x20\xdc\xc8"
	"\xfc\xe1\x7d\xb5\x2f\xd7\xa2\x25\xae\x5a\x8b\x89\xd4\x01\xe4\x26"
	"\xdd\x36\x3c\xfb\x49\x1b\xa1\x10\x54\x49\x80\x10\xcc\x71\x34\x87"
	"\xa2\x90\xd7\xc3\x90\x42\xe5\x62\xfd\xea\x79\xb8\xb4\x23\x98\xc7"
	"\xf3\x45\x8c\x2a\x10\x80\x18\x88\x48\x41\x2c\x14\x45\x14\xa8\x21"
	"\xb7\xb2\x38\x75\x13\x31\x9d\x39\x78\xcb\x8c\x2a\x02\x00\x1d\x44"
	"\x46\xe0\xd2\x2b\x05\xa2\x88\xef\xef\xaa\x2f\x65\xd3\x6f\xbf\xcc"
	"\xba\xf6\x3c\x08\x9b\xf7\xb7\x8f\xb7\xc7\xb7\x6f\xe3\x68\xbc\x1a"
	"\x7b\xe2\x1f\xe6\x8b\x0b\x62\xc8\xa3\x2c\x13\x47\xcf\xd3\x1f\xaa"
	"\xcf\x58\xe4\x91\xd7\x21\xab\xbe\x06\xd9\xbd\xd9\xb1\xeb\x16\x37"
	"\x0d\xd3\xd9\xb2\x4d\xc3\xb4\xd0\xbf\x9e\x5f\x9f\xdf\x1f\x3e\xde"
	"\xde\xaf\x4d\x39\xde\xdc\x3c\x7e\x7b\x7b\xfc\x8f\xb6\x3a\xde\xf4"
	"\x6e\x98\x24\x7d\x0a\x14\xef\x98\xc7\xf8\x40\xb7\x72\x03\xee\xcc"
	"\x55\xce\x8f\x75\x2b\xf9\x18\xe4\x82\x8c\x71\x52\x36\x40\x7b\x3d"
	"\x71\x1d\x7f\x78\x7a\x7a\x01\x87\x72\xa1\xd4\xe5\x8d\x7f\xfe\xeb"
	"\xb2\x1e\x18\x2d\xd5\x93\x72\x68\x5e\x5e\x27\xd6\xe5\x4f\x05\x37"
	"\x58\xfa\x93\xeb\xc4\x5f\x9a\x54\x82\x06\x03\x7a\x94\x81\x79\x68"
	"\x94\x33\xf1\x00\xda\x95\xda\x19\x70\xde\xe1\x99\x09\xce\xa9\x2e"
	"\x94\x6c\x7d\xc3\x31\xc9\x41\xa7\x4a\x41\xa4\x50\xd7\xd4\x9b\xab"
	"\xa3\x81\xe1\xc1\xe6\x2a\x64\x9a\xdd\xf0\x94\x74\x6e\x58\x06\xc9"
	"\x04\x82\x37\xdf\x1f\x7e\xfc\x10\x96\x9b\xbc\x4c\x33\xc9\xc8\xeb"
	"\x62\xf1\xdd\x4a\x12\x1a\xfd\x4e\x6c\x73\xde\x2d\xc6\xe5\xd9\x91"
	"\x34\x6b\x5c\x0c\x0c\xbc\x2d\x4d\xcd\x56\xcc\x80\x6c\x51\x25\x29"
	"\xe5\xa5\x18\x90\xfb\x06\x97\x0b\x2d\x18\xb9\xb8\x58\x74\x51\x8a"
	"\x9c\xbf\x49\xf9\xa1\x4b\x90\xa8\x49\x29\xee\xe0\x41\x0c\x62\x5c"
	"\x17\x49\xf9\x7d\xa7\x35\xbd\xe5\x13\x3f\xff\xfa\x21\xbe\x24\xdd"
	"\xeb\x31\x79\xa6\x8f\x80\xca\xd0\x23\xd2\x2b\x1a\xd9\xc5\xbb\x00"
	"\x3c\x43\xb3\xe5\x8a\xd5\x37\x03\x8a\x28\x44\xf2\x27\x8f\x08\x38"
	"\xd1\x32\x54\xc1\x3a\x37\x74\x0c\x72\xde\xd0\xd4\x4b\x5c\xc3\x63"
	"\x70\x16\xcc\x68\xd4\x86\xef\x60\x93\x5d\x77\xf0\xb8\x9a\xa5\xd6"
	"\xae\x37\xac\x20\x87\x63\x54\x8e\x05\x0b\x0d\x5d\x5b\xf4\xb4\xde"
	"\xe1\xf2\x36\x4b\x7d\xcf\xed\xb4\x13\x93\xa5\x69\xe2\xa3\x75\xa3"
	"\xc0\xf6\xda\x0d\x4d\x2f\x53\xdf\x4f\x12\x43\x87\x36\x94\xd5\xac"
	"\xd5\xb6\xed\xed\x7d\xc9\xc0\x2d\xd3\xc6\xf3\x99\x93\x5c\x87\xc1"
	"\x08\xab\x18\xbf\xf6\xa8\xe3\x26\x18\x12\xeb\x42\xe2\xc1\x42\x59"
	"\x7b\x4d\xcb\x0d\x0c\x05\x0d\x70\x40\x01\x14\x4d\x65\x00\xea\x89"
	"\x64\x10\xf0\xca\x85\xaa\xbb\x43\xd8\x81\x18\x37\x54\x33\x5e\xda"
	"\x67\xcc\x8b\x91\x8e\x55\x20\xae\x1d\xe2\x19\x21\x6c\xcd\x8c\xf2"
	"\xf5\x17\x0f\xcd\x54\x76\xc2\x80\x5b\x5b\x3c\xa3\x55\xc4\x40\x08"
	"\x57\xfa\x90\x40\x13\x40\xc9\xca\xf1\x8d\x98\xa2\x49\x62\xc4\x15"
	"\xf0\x04\x41\xf5\xff\xe5\x3e\x72\xd7\xd3\x88\x11\x4f\x1e\xb8\x61"
	"\x67\xc7\x20\xec\x8a\x53\x8c\x17\xc6\x56\x4c\x8c\xec\x72\x4d\x30"
	"\x61\x62\xb9\x97\x58\x0d\xfa\x41\x6c\x7c\x0f\x5b\xb2\xdf\xe6\x7d"
	"\xc1\x53\x6f\x15\xb8\xc6\xca\x5a\xbe\x9a\xc5\xff\x2b\x1f\xcc\x69"
	"\x67\x79\xf6\x1d\xc9\x62\xfc\x0d\xcc\x41\xf0\x27\xc7\xce\x0f\xa6"
	"\x60\xd9\xe2\xd0\xb3\xe2\x96\xd6\x87\xcf\xc3\x53\x94\x61\xb2\xbf"
	"\x86\x0d\x45\xf5\x66\x63\xc0\x93\x83\xfe\xfc\xa0\x9c\xf1\x8c\x43"
	"\x41\x7f\x40\x32\x08\x0d\xd2\x71\x79\x3e\x5b\x4f\x0d\x47\x9c\x0f"
	"\x1f\xc2\x4e\xd3\x59\x6b\xa7\x75\x2c\xc9\x62\x1f\xf1\x1c\x9d\x40"
	"\x82\x25\x90\xc4\x02\x29\xc1\x03\x7d\x01\x26\x5c\x80\x89\x16\x60"
	"\x56\x76\x8c\x6f\x6d\xcf\xca\x0b\x1c\x0b\x86\x8b\x1e\xb4\x63\x82"
	"\x45\x18\xd7\x8e\x89\x3c\x3b\x26\x5e\x70\xaf\xd8\xd2\xcf\x2c\x8d"
	"\x23\xdb\xfb\xe2\x5d\x63\x46\x64\x2c\xf2\x1c\x0b\xc2\xb5\xdd\x86"
	"\x86\xb7\x70\xae\x6e\xc4\x6c\x62\x37\x71\xc2\x8d\x15\x93\x78\x9b"
	"\xad\x05\x14\xfa\x71\xc8\xcc\x18\xce\x78\xbe\x07\xb2\x0b\x33\x6e"
	"\x5b\x84\x6e\x82\x9e\x2e\x9f\x31\x9e\x63\xc3\xc4\x91\x43\x6c\x08"
	"\xf3\xb0\x90\x3a\x76\x83\x78\xc5\x9f\x40\x3b\xba\x8b\x5c\xdf\xfc"
	"\xbe\x28\x90\x88\x1e\x31\x7a\x89\x33\x8a\x27\xb1\x11\xf0\x39\x0d"
	"\xcc\x0d\x16\x6a\xb2\x75\x3d\xcb\xe0\x11\x6b\xa4\x9c\x60\x4c\xf7"
	"\x27\x8c\x9c\xe2\x42\x3b\x66\xe5\xd8\x30\xc2\x0e\x70\xad\x18\xcf"
	"\x0d\xed\x18\xcf\xb3\x63\x82\x05\xf5\x44\xce\x02\x8c\xb9\xcd\x32"
	"\x18\xc1\xb5\x63\x22\x27\x0a\xed\x20\x77\x65\xc7\x44\x89\x15\xb3"
	"\x8a\x6d\x10\xdf\x8d\x2d\x9d\x28\x40\x51\xe4\xaf\xec\x98\x60\x41"
	"\x3d\xa1\x63\xc7\x2c\x6a\xb4\x65\x94\x89\x85\x8e\x6f\x9f\x26\x53"
	"\xd4\xd7\x64\x7c\xef\x25\x72\x14\x7a\x01\x58\xa6\x08\x01\xb0\xd6"
	"\x10\xda\x00\xb1\x0d\x90\x58\x00\x89\xad\x91\x89\xad\x91\x89\xad"
	"\x91\x89\xad\x91\x36\xb5\x20\x4c\x04\x1b\xc0\xd6\x48\x61\xcf\xfa"
	"\x81\x1d\x13\xb8\x0b\x30\xe6\xe7\x6d\xd2\x24\xf6\x2d\x4a\x03\x30"
	"\x81\x67\xee\x96\x8a\xc3\x81\x5c\xde\x96\x94\x71\xc4\x8d\xe7\x0c"
	"\x4d\xb9\xf8\xe2\x7d\x2b\x26\xb6\x8c\x27\x81\x11\x4b\x61\xcf\x8a"
	"\x59\x39\x81\xe5\xf1\x36\x49\xb8\xd2\x77\x65\x53\xae\xf7\xe6\x29"
	"\x1d\xbc\xa5\x6d\xd3\x28\xdb\x71\xcb\x1c\x20\x10\x96\x6f\x5c\x20"
	"\xfc\x5f\x36\x44\x6a\xa9\xc3\xe0\x1c\x70\x36\xbf\xca\xdc\x8d\x7d"
	"\xf3\xcb\xce\xcb\xd4\x0d\x1c\xdf\x86\xf1\x5c\x3b\x26\x3a\x62\xe4"
	"\x35\xe7\x46\x97\x2c\x0d\xe2\x72\x19\xc8\xf2\xe9\x0d\xb0\xb5\x6f"
	"\x51\xcc\x2c\xdd\x85\x51\xd7\x99\x68\xb3\x14\xa8\xb7\xa0\x3a\x3f"
	"\xb2\xb4\xac\x8c\x22\xdb\x42\x27\x75\xbd\x24\x4b\xac\xeb\x2a\xe6"
	"\x3a\xae\xad\x2a\x16\x27\x5e\x62\xc7\xc4\x96\x89\x47\xbc\xc0\xc4"
	"\x66\xac\x57\xc4\x73\x56\x56\x88\x65\x02\x13\x10\xdf\xb3\xdc\x89"
	"\xa7\xb1\xf9\x4b\xe7\xbb\x32\xb5\xcc\xdb\xbc\x6c\x5c\x8b\x4e\x91"
	"\x10\xdf\x06\x09\x2c\xc3\x1a\x20\x96\xe7\x39\x50\x12\x25\x91\xd9"
	"\xce\x3f\x70\xd7\xb3\xd8\x6a\x07\x0e\x4c\xb7\x46\xc8\x31\xf1\xe3"
	"\x04\x4b\x66\x3e\xc1\xac\x96\x60\xbc\x05\x18\xdf\x0e\x09\x6d\x90"
	"\x22\x4e\x42\xce\x16\xa0\xa2\x6a\x6b\x43\x89\x4f\x78\xb7\x59\x00"
	"\xca\x77\x1b\x83\x0f\x80\x8c\x65\x3b\x4f\x82\x13\x3e\x00\x28\x23"
	"\xc5\x55\xc1\x79\x7b\x67\x56\x5c\x6f\xae\xcb\x20\x85\x32\x78\x77"
	"\xf6\xbc\xa5\x0d\xbb\x96\x9f\x12\x21\x6f\xeb\x03\xb0\xd0\x37\xfd"
	"\x91\xb2\x5c\xcd\xd0\x78\x0d\xdc\x10\xda\x8a\x79\x03\xf3\x2b\xd0"
	"\x5d\x02\x71\x15\x03\x0f\xc6\xe2\x4b\xc6\x0d\x2e\x60\xac\x24\x98"
	"\x71\x70\xba\x0e\x6f\x95\x06\x68\x7c\x4e\x00\x80\xd3\x45\x8f\x7a"
	"\x5e\x4c\x91\xfa\xc7\xd2\x00\x67\x0f\x33\x09\x04\x69\xf6\x93\x17"
	"\x7d\xd9\x34\x95\x99\xcc\x47\x81\x2e\xbf\x75\x7e\xd8\xb4\xf9\x97"
	"\xeb\x31\xb2\x55\xea\x3b\xd3\x9a\x35\xf8\x68\x82\x1c\x8b\x32\x00"
	"\x45\x49\xd9\x54\xb7\xf4\x8b\xee\xfe\x72\xf3\x8f\xa4\x0d\xbd\xa1"
	"\x15\xf7\x03\xa7\x83\x93\xf4\xf7\xef\x4a\x3c\xc5\x70\x28\xf3\xf0"
	"\xfd\xe7\xdf\xaf\x7f\x69\xc4\xaa\xf3\xda\x55\xbb\xc6\x72\x71\x8f"
	"\x52\xd7\x33\xd3\x93\x11\xbc\x7f\x8e\x84\xa7\xbb\x6c\x4a\xe6\x75"
	"\x2a\xb9\xca\x87\x7d\x16\x54\xf5\x91\xdc\xd5\x7b\xfd\x5e\xef\x19"
	"\x25\x8f\xb4\xaf\x7a\xe4\xf8\xf0\xf1\xf8\xf5\xe9\xed\x2f\x94\x10"
	"\x8c\xd5\x1b\x3e\x6d\x95\x7a\x2e\x75\x12\x98\xd2\x37\x18\x31\xf7"
	"\x94\xb6\xe0\x37\x67\x04\xc9\x28\x91\x26\x71\xc2\x05\xb0\x35\x23"
	"\x66\xd4\xe8\x7c\xa4\x05\xe9\x3c\xf9\xae\xdf\x88\x5d\xc2\x76\x7b"
	"\x9e\xd5\x47\x08\xbd\x5c\xd7\xb5\x9a\x88\xfe\x68\x6e\x1e\xac\xa4"
	"\xfd\xce\xd2\x6b\xa4\xa0\x65\x2c\xcc\x1e\x88\x9b\xd7\x3b\x9c\x45"
	"\xbe\xe3\xe4\x6c\x8d\x02\x4a\xa0\x2f\xf1\xae\x2a\x38\x9d\xe6\xfe"
	"\xfe\xc7\xc3\xcf\xe7\xa7\xcb\xe8\x48\x1f\xde\x9f\x94\xfd\x73\x08"
	"\xa4\x4b\x8d\x6d\x14\x35\xcf\x7c\xa0\x4e\x07\x96\xd6\xca\x05\x46"
	"\x5f\xb9\x3a\x64\x9b\xf7\xe7\x8f\x97\xef\xcf\x6f\x7f\x7f\xdc\x6c"
	"\xdf\xc4\xa8\x7d\x7d\x9b\x13\x29\x8e\x43\xbf\x69\x73\x70\xa5\xa9"
	"\xf7\x52\x41\xeb\x66\x34\xe0\xc8\xa9\x19\xa3\x03\xbb\xef\xa0\x07"
	"\xde\x5e\x5f\x1e\x7f\xde\xb0\x97\x6f\x2f\x8f\x6f\xaf\x37\xeb\x87"
	"\xc7\xff\xfc\xf8\xf6\xf0\xfa\xac\x9c\x22\x68\x99\xc5\xd7\x69\x49"
	"\xae\xaa\x5b\xbf\xbf\x3d\x3c\x3d\xbe\x7d\xbf\xf9\xf9\xe3\xf9\xf1"
	"\xe5\xcf\x97\xc7\x1b\x08\x95\x9a\x56\x06\x97\x5d\x9f\xb9\x83\x0b"
	"\xfe\x9f\x7f\xbf\x3e\x82\xbf\xcf\x75\x66\xa1\xd3\xdb\xdc\x64\x57"
	"\xea\x01\xca\x48\xca\x93\x55\x10\xea\x6d\x2a\x09\x60\x7e\x8c\xd8"
	"\x53\x27\x31\xb2\xcb\xd4\x94\x52\x97\x35\x61\x88\xec\x51\xca\xeb"
	"\x09\xf7\x92\xd8\x31\x24\xc0\x04\x90\x8c\x0b\xdf\x14\x79\x37\x0b"
	"\xb6\xd0\xa0\x76\x45\x8a\x30\x69\x01\x46\xf4\x60\xb8\x72\x10\xd3"
	"\x5a\x56\xd2\x35\x9e\x83\xb3\x4c\xc8\x6e\x6c\xc1\x19\x15\x97\x97"
	"\x42\x7d\xb4\xc4\x58\xc5\x08\xc1\x3c\x10\x65\xcf\x65\x64\xe5\xf8"
	"\x78\x43\x41\x1c\x7a\x68\x15\x13\x88\xa9\x21\x12\x12\x1a\xc5\xc8"
	"\xb6\xf9\x59\xec\x9b\xc4\x58\x94\xbe\x14\x17\x15\x5e\xf5\x38\x55"
	"\x16\x0d\x61\x0c\xef\xc6\xd4\x85\x0c\x91\xc6\x4e\x38\x61\x4c\xbd"
	"\xb0\xa3\x91\x58\x7a\xc8\x6e\xd7\x9f\x22\x72\xf0\x67\x66\x34\xf5"
	"\x51\xb1\xa8\xbe\x29\xf4\x76\x7e\xd1\x08\x31\x12\xdf\x00\x32\x34"
	"\xf6\x41\x26\xa7\x82\x18\x6e\xb4\x61\xd0\xf8\xcf\xa4\xba\xef\xd3"
	"\xb2\x46\xd3\xe0\x0a\xcc\x6d\x5e\x62\xad\x03\x71\x92\x34\x65\xe2"
	"\x38\x16\x79\x68\x96\x47\x4e\x67\x18\xef\x9d\x1b\x84\xc8\x6e\xe7"
	"\x08\x88\xe3\xc8\xa0\x27\x06\x40\x12\x59\x00\x2b\xdf\x0c\x48\x02"
	"\x1b\x20\x0a\xcd\x80\xd8\x31\x02\x92\x95\xa3\xa3\xb7\x06\x29\x84"
	"\x77\xbb\x4e\x7c\xb1\x05\x2e\x85\xd1\x5c\x2d\xcb\x9a\x3c\xcb\x9d"
	"\x56\xb1\x45\x9e\xe0\x72\x1e\xf9\xa6\xcb\xf3\x6a\xe3\xb9\xeb\x52"
	"\x3f\xea\xf2\x7b\x19\x58\xd5\xa0\x97\x1f\x68\x93\xb7\x32\xca\x0c"
	"\x85\x88\xf9\x76\x8f\x0a\x9b\x74\x13\x0a\xc5\x82\xbf\x2a\x8d\x2b"
	"\x97\x2a\xe7\x0c\xf7\xaf\x1e\x00\xa1\x63\xaa\x1f\xae\xc7\xd2\x0f"
	"\x49\x40\x1a\xf2\x30\x31\x54\x70\x9b\x38\x78\xef\xb7\x55\xc8\x23"
	"\x75\xd7\x6a\x3a\x24\xf2\x54\x3b\x55\x8b\xa1\xd2\x30\xd7\x30\xba"
	"\x84\x34\xb9\x1a\x5d\xcd\xda\xf1\xae\x6a\xa2\x41\x1c\x75\xe6\x39"
	"\x97\x95\xa1\x83\x4f\xfb\xec\xf6\x2e\x11\x5f\xb4\x67\xb8\x1c\xe1"
	"\xbb\x22\xeb\x2e\x74\x2c\xf3\x3d\xe3\x65\x93\x63\xcf\x29\x1d\x48"
	"\xe6\x4f\xc4\x69\x4f\x4a\xdf\x0f\x3b\x20\x4a\x22\x06\x03\xa0\x68"
	"\xfc\x95\x41\x07\x80\xcb\x54\x82\xbf\xb8\x86\x14\x25\x42\xf0\x0f"
	"\x44\x44\xae\x83\x78\x41\x0d\x2c\x45\x18\x03\x9f\x89\xc2\x48\x3e"
	"\x9c\x04\x18\x74\xdf\x00\x58\x39\x66\x80\xe7\xe2\x1f\xbc\xe8\x3f"
	"\x78\x74\xbf\xb3\x55\x91\x98\x01\x49\x64\xa9\x61\xe5\x3a\x36\x80"
	"\xd9\x62\x39\x83\x4c\x93\xbe\x00\x89\xf9\x0c\xd9\xe3\xe3\xc7\x22"
	"\x70\x7c\xc3\x10\x14\x00\xc8\x7d\x6c\x1e\xa3\xc0\x6a\x1f\xfb\x66"
	"\x4c\x51\xfa\xa1\x41\xcb\xf0\xd4\x0f\x93\x95\xa1\xc3\x4a\xc3\x94"
	"\x8e\x3b\x4f\x4b\x33\xb6\xa5\xf7\x75\x65\x36\x42\x4f\x18\x53\x47"
	"\x1e\xcb\x24\x30\x18\x06\x42\xec\xbb\x66\xdb\x6a\x84\x58\x6e\xe2"
	"\x87\x8e\xad\x96\xd5\x4a\x47\xde\x70\xa6\x04\x52\x72\x1e\x9c\x79"
	"\x82\xb0\x18\xa9\x0b\x62\x48\x1b\x7a\xa8\x0b\x4e\xb6\xb9\xbe\x12"
	"\xa0\xf3\xdf\x0f\xd1\xf9\x6c\x5f\x22\xce\x90\x17\x38\xec\x9c\xc9"
	"\x8d\xb3\xa5\x17\xc0\x1a\x0c\xb3\x3b\x26\xa8\x2c\xf4\x91\x19\x7d"
	"\x02\xaa\xc4\xff\x1a\x0b\x48\xd8\xe5\x58\xf6\xad\x19\xc8\xb5\x80"
	"\x36\xa4\x0a\xfd\x30\xb4\x35\x1d\xf5\x71\xbc\x40\x28\x2b\x56\xbe"
	"\x13\xda\x51\x91\x17\xbb\xc4\x02\x03\x25\x1f\xbb\x4b\x40\x9e\x15"
	"\x94\xc4\x88\xb7\xbe\x0a\xb2\xf6\x41\x31\x7c\xed\x0b\x50\x51\x1c"
	"\x59\x50\x60\x4e\x87\xc9\x02\x54\x12\x05\xab\x25\xa8\xc8\x59\x80"
	"\xc2\x7c\x4a\x67\x28\xc4\x2b\x62\x82\x12\xb6\xa7\x75\x64\x35\x9b"
	"\xfd\x7d\x8e\xf1\xa1\x4c\x60\x87\x24\x71\xa2\x45\xa8\x64\x11\x6a"
	"\x65\x45\x1d\x4b\x0b\x02\x8c\x2e\xe2\xb8\x0b\x50\x4c\x9b\x19\x70"
	"\x8e\x99\xd8\x74\xaa\x68\xb0\xec\x10\x91\xaf\xd7\x65\xcc\xcb\x6a"
	"\xa6\x1e\xd6\x21\x98\x10\xa9\x20\x2c\x93\x38\x8a\x2d\x4f\x27\x26"
	"\xe0\xd0\xc5\x72\x62\x2a\xb0\xc8\xf3\xad\xef\x6f\xb0\x6f\x3c\x7f"
	"\x11\x2c\xee\x96\xc0\xbc\x40\x17\xa0\x2d\xf3\x27\xc9\x00\x07\xa0"
	"\xf0\x99\x72\x5c\x7c\x7f\x7e\x7a\x79\xb8\x79\x7c\x7b\xd7\xe4\x43"
	"\x19\xae\x4a\x49\x29\xf7\x74\xce\x17\x4f\x76\x52\x41\x3e\x10\xe9"
	"\xf7\xfc\x70\x82\x20\xbb\xae\x80\x05\xfa\x17\x2e\x66\x1c\x3d\x58"
	"\x81\xb6\x04\x12\x8e\xa3\x77\x65\x59\xbb\xe0\x7e\x6d\x6a\xbd\x4f"
	"\xe9\x95\x2e\xdb\xd5\x9a\x5b\x9c\x24\x32\x62\x03\x0b\xdf\x54\xa1"
	"\x9e\x01\x23\x7e\xf0\x16\x58\x10\x75\xfc\x34\x07\x9a\xe5\x40\x7f"
	"\x38\x61\x24\x19\x8a\x0e\x41\xa1\x2c\x73\x86\x52\x92\x1d\x0c\x71"
	"\x2a\x03\x66\x30\x00\x4a\x5a\xc9\x2c\x58\xd5\x36\xd7\xb9\x9d\x43"
	"\xf5\x90\xcb\xc6\x13\xff\x34\xb7\x5f\xef\x37\xde\x8c\x59\xe9\x52"
	"\x2e\x2e\xa9\xa7\x07\x94\x17\xc9\xec\x64\x8a\xc3\x76\x78\x9f\xe7"
	"\x4d\xab\xa1\x94\x29\xe5\x00\xd4\xf8\xa9\x0f\xbd\x26\xd3\x9e\x5a"
	"\xdf\x33\xd4\x8f\xbf\x68\xf1\x90\xe7\xa0\x41\x5d\xd2\xe7\xa1\xbf"
	"\x52\xb2\x11\x96\x4d\xaa\x65\x5f\x1c\x10\xe7\x88\x4c\x4d\x69\x2f"
	"\x96\x67\x85\xca\xa2\x33\x94\xf4\x55\x2d\x4f\x92\x5a\x24\xb2\x57"
	"\xa9\x64\xeb\x65\x72\x1c\x59\x9a\x20\x4c\xc7\xf4\xea\xf4\x4d\x94"
	"\xf5\x07\xd7\xc3\x9a\xa7\x5c\xa2\x88\x36\xb4\x04\xa6\x12\xef\xaa"
	"\xc6\x51\x70\x29\x1f\x0b\xfa\x43\xd4\x3b\xbd\xf3\xff\x94\x5d\x5b"
	"\x73\xdb\x38\xb2\xfe\x2b\xae\x79\xda\xad\xda\xad\x11\x49\x89\x92"
	"\xf6\x54\x1e\x20\x02\x94\x10\xf1\x16\x00\xd4\x25\x2f\x2c\x4f\xa2"
	"\x64\x5c\xc7\xb1\x52\x76\xb2\x67\xe6\xdf\x1f\x34\x48\x4a\xbc\x35"
	"\xc1\x3c\x24\xb6\xd1\x1f\x81\x06\xd0\x00\x1a\x97\xee\xbe\x5d\x17"
	"\x5c\x5e\xde\xae\xaf\xbf\xeb\x79\x82\x87\xfa\x8f\x1f\x3f\x9e\x5e"
	"\xbe\xd6\x57\x8a\x81\xe4\x8d\xa4\xa6\x4f\x23\x28\x40\x0b\x1c\xd7"
	"\xea\x64\xcc\xc1\x32\x1e\x9c\xf2\xea\x9e\xf1\x86\xbd\x1a\x61\xf0"
	"\x79\xe3\x5e\xd6\x24\x2d\x0a\xa7\x19\x74\x98\x41\x72\x41\x63\x02"
	"\x57\x20\x21\x23\x2a\x17\xf7\x8b\x89\x44\x8e\x30\x67\x2a\x0b\x90"
	"\x3e\x3f\xd5\x94\x18\x70\x78\x09\x10\xb1\xa0\x1d\x64\xec\x4e\xf4"
	"\x37\x6e\x91\x6e\xde\x23\x97\x71\x37\xd8\x82\x4d\x84\x79\x53\x60"
	"\xf3\xdd\xe2\x1c\x4c\x04\x4e\x81\xb9\x99\x3b\x0d\xb6\x9a\x02\xf3"
	"\xb2\x49\x95\xf0\xa2\x49\x85\x7a\x3b\x67\x2a\x2c\x98\xd6\x78\xcc"
	"\x9f\xd6\x15\xd3\x60\xe1\x34\xf6\xe2\x5e\x65\x87\x40\xa6\x02\x88"
	"\xa4\xb9\xd1\xb4\x92\xfa\x9d\x34\xd4\xf6\xfe\x48\x49\xdb\x60\x31"
	"\xf3\x16\x13\x0b\x93\xd9\x34\xd1\x59\xca\x93\x9d\x2f\xb7\x94\x09"
	"\xb4\x05\x26\x75\x30\x8f\x4f\xae\x3f\xb3\x17\xa6\x71\x9e\x37\xde"
	"\xe2\xcb\x89\xe5\x79\xee\xec\x17\x90\xc1\xe4\x6a\x38\xeb\xa9\xc8"
	"\xc5\x6a\x2a\x72\xee\x4c\x6a\x1a\xdf\x19\x13\x11\x29\xdc\xc5\x24"
	"\xde\xea\x03\x88\xd1\x22\x49\xa0\xf0\x59\x16\x88\x64\xbf\xf4\xe6"
	"\xd6\x1a\xde\x90\x8b\xa9\xc8\xa5\x33\x05\x49\x8f\x7a\x4b\x3e\x9f"
	"\x88\x5c\xcd\xa6\x23\x97\x93\x91\x93\xeb\xbe\x74\xed\x4d\x6d\x70"
	"\x27\xa4\x77\x01\xf0\x31\x58\x78\xde\x78\x3e\x61\x44\xe4\x0e\xef"
	"\xb4\x92\x0c\x87\x88\xbe\x75\x64\x94\xd8\xf2\x5a\x63\x1a\xb6\xda"
	"\x41\x4e\xe2\xb0\xbc\xa4\xaa\x2a\x8b\x23\x96\x48\x73\xd4\xcc\xad"
	"\x16\xf3\xe5\x34\xe6\xcc\xd3\xa1\x49\x48\xe3\xd2\x6b\x0a\x70\xaf"
	"\xa8\xeb\xaf\xad\xcb\x65\x7a\x53\x56\x46\xb3\xcc\xb6\x7a\x97\x96"
	"\xed\xce\x78\xd3\x65\x34\x1b\x92\x0c\x88\x7d\xa4\x75\x2b\x44\xce"
	"\x4a\x7d\xeb\xf1\xed\xf2\x10\x5e\x1e\x7f\xfc\xd4\xbb\xcd\x8e\xa2"
	"\x48\x9f\x5e\x2f\x9f\x7e\x3c\x80\xd2\xf5\x6f\x2e\x6b\x77\x4e\x0d"
	"\x54\x43\xa3\xa3\x5c\xe8\x6a\x80\x22\x5a\xed\xa9\x86\xba\x06\xb4"
	"\xb7\x4a\x03\xcf\x91\x50\xba\x15\xf4\x0e\xd4\xfa\xa4\x53\x0c\x47"
	"\x94\x1b\xc2\xba\x80\x6d\xed\x1b\xef\x54\xa7\x70\x5d\xf3\x3f\x72"
	"\x4c\x7e\x47\xba\xc5\xcc\x0e\x71\xac\x18\xaf\x98\x00\x71\x87\x82"
	"\xdf\x36\x10\xf3\x62\xd6\x56\x9e\x77\x47\xdd\xb3\xbc\x7a\x1f\xdf"
	"\x26\x95\x6f\x61\x8b\xad\x48\xf3\x86\x67\x6b\x1a\x64\x50\xed\xdb"
	"\xe6\xe0\x70\x79\xf9\x7c\x7d\x1d\xe8\xf5\xfb\x06\x88\x81\xe7\xa6"
	"\xfa\x1d\xe9\xd0\xce\xa7\x04\xc4\x01\x6d\x85\x00\x05\x61\xab\x7a"
	"\xa5\xd3\x0d\x55\x6a\xb9\xe1\xac\xf7\x85\x10\xd2\x59\xe0\x1d\xdb"
	"\x01\x87\x42\x4b\xd6\x40\x9e\xa9\xea\xc3\x46\x66\x19\xd1\x76\x38"
	"\x6b\x3c\x91\x26\x10\x72\x1e\x15\xc9\x1b\x22\x70\xa6\x80\xdc\x29"
	"\x20\x6f\x02\x88\x06\x34\x40\x61\x99\x80\xd6\x09\x98\x94\x26\xa4"
	"\x32\x49\xe8\xe6\x8c\x8c\x93\x4a\x2a\x04\x53\x2c\x51\x55\x4d\x1b"
	"\x1e\x89\xf4\x98\xed\x74\x16\x24\x85\xc7\x22\xcf\x28\x51\xac\x50"
	"\x3b\xdd\x4d\x14\x65\x84\x84\x65\xb4\xfb\x6a\xdc\x23\x21\x44\x44"
	"\xb0\x2b\xb4\x78\x08\xcd\x01\xb8\x32\x48\xb6\x6c\xf4\x08\xa1\x9c"
	"\x46\x7f\xe1\x83\xaa\x16\x85\xc8\xc1\xe5\xb7\x9c\x8f\xaa\x39\x22"
	"\x3d\x26\xb8\x84\x88\x44\x6b\x41\xe6\xed\x44\x6f\x42\x55\x4a\x53"
	"\x86\x76\xc3\x9d\xe2\xfd\x76\x9c\x68\x70\xc8\xbe\x4d\x18\x05\x0f"
	"\xf2\x04\x71\x41\x62\xb6\xc5\x65\x31\x11\xcd\xa7\x28\xa6\x5a\xdf"
	"\xdb\xe4\xc1\xde\x36\x95\x42\xc6\x31\x12\xdc\xa1\x94\x0c\xe3\x91"
	"\x5b\x43\x46\xbb\xb0\x75\x3c\xa1\xb3\xd6\x32\x01\xaf\x0a\x55\x25"
	"\x84\xb6\xd3\x11\x2d\xad\x7a\xa3\xcf\x04\x72\xde\xa1\x64\xcb\xfd"
	"\x57\x79\x82\x34\xe0\x6d\x2b\x0d\xaa\x6a\x0d\xf3\x38\x8f\xee\x07"
	"\x67\xe5\x99\x12\x8a\x33\x2e\x5f\x06\x40\xe5\xf1\x49\x79\xec\x7a"
	"\xf9\xfc\x10\xc7\xc1\xef\x12\x9e\x3b\x55\x5e\x2a\x1b\xcf\x1c\xcb"
	"\xd3\x50\x42\x49\xa6\x3a\x87\x57\xd5\x39\x29\x9f\x2f\x91\x77\x4a"
	"\x77\x80\x33\x78\x3c\x6e\xc8\x42\x05\xbe\xeb\x78\x49\xdb\x87\x69"
	"\x23\xb5\x15\x2a\x3c\x16\xd8\xab\x2a\xa0\x52\xb9\x11\x23\x9c\xc4"
	"\xe4\xc4\xcd\x6f\x63\xdc\xee\x88\xd8\xdb\xe8\x2e\xca\xc1\x9e\x61"
	"\x9e\x3d\x80\x2a\x08\x84\x85\x49\x52\x14\x10\x93\x35\x76\xcd\x61"
	"\x4a\x57\x8c\x2c\x96\x88\xdb\xa4\x8a\x3f\x42\x96\xcb\x99\xbf\x1b"
	"\xcd\x24\xf4\x57\xc8\x1b\xc4\x12\x51\xde\xc4\xf7\xe4\x45\x5d\xfe"
	"\x7a\x7c\x7b\xe0\x2f\x6f\x3f\x5e\x7f\x7e\xbb\xbc\xfc\x78\x7b\x00"
	"\xe0\xea\xaf\x87\x30\xae\x8e\x51\x1f\xfe\x21\xd5\x83\x79\x69\xdc"
	"\xf2\xad\x1b\x9c\xf5\x3c\x2e\xe1\x60\x4b\xc4\x5d\x0f\x93\x8d\xa3"
	"\xd8\xc7\x97\x4f\x4f\xcf\xcf\x8f\xaf\x7f\xdf\x5d\xf8\xfe\xf8\xf9"
	"\xa2\x7f\xfe\x4b\x23\xe1\xa4\x4f\xff\xf2\xe4\x7e\xd2\x7f\x7d\x7f"
	"\xfa\xd7\xc3\x97\x57\xad\xa9\xe9\x35\xfe\xed\x9f\xdd\x7b\x03\x99"
	"\x6f\xa8\x38\x18\xd7\xd0\xb7\x9d\x40\xfb\xe2\x40\x29\x12\xec\x6a"
	"\x45\x81\xfc\xfc\xfc\x74\x7d\xf8\x7c\xf9\x74\xfd\x6c\xca\xfa\xfe"
	"\x7a\xfd\x74\x79\x83\xe2\x8c\x73\xc0\x6f\x4f\x7f\x35\x2c\x15\x04"
	"\x95\x37\x68\x9d\x76\x78\xfa\x7c\xb9\x22\xa9\x90\xc3\x63\xab\x80"
	"\x36\xfd\xf2\xd2\x4e\x0d\x1e\xbf\x5d\x5e\x1f\xab\xfa\x36\x9c\x9c"
	"\x1b\x62\xf8\xfc\xf8\xf6\x67\x37\xb1\xcc\xe7\xe9\x9b\x66\xfb\xbf"
	"\x17\xe8\x96\x07\xf0\x6d\x7c\x23\x9b\xda\xfd\x5e\x82\x3e\x5d\x35"
	"\x4a\x57\x0d\x9e\x35\xb7\x40\xf1\xd3\xdb\xa7\xcb\x33\xbc\xb4\xbe"
	"\x82\x7b\xec\xcb\xf3\x77\xdd\x97\x2d\x44\x79\xd4\xfa\xf6\xf0\x13"
	"\x5e\x91\xeb\xcf\xdf\xae\x9f\x8a\x4f\x25\xaf\x65\x67\x75\x3b\x41"
	"\xe5\x49\x73\x1e\x6c\x24\x82\xd3\xdd\xac\x19\xef\xa1\x49\x53\x94"
	"\xac\xdc\xf5\x6c\x84\xb8\x3c\xa1\x44\x47\x53\x1d\x94\xba\x5e\xad"
	"\x96\x08\xd1\x0c\x2b\x67\x8c\x88\x7c\x19\x2b\x77\x76\x42\x18\x3a"
	"\x05\xee\xcc\x5d\x61\x34\x88\xb1\x88\xd1\xe6\x28\x2d\x0e\xe6\x73"
	"\xb9\x32\x57\x91\xe5\x90\xbc\x5e\x9f\xdf\xc0\x4d\xa5\x16\x8a\xcb"
	"\xf3\xf5\xfb\xc3\xcb\xe5\xff\xee\x23\xa3\x39\x06\xe9\x61\x03\x71"
	"\xe9\xe3\x73\x11\xf6\xc7\xdf\xf6\xf5\xf1\xfb\x9f\xf0\xf2\xbe\xe3"
	"\x66\x93\x88\xf8\x61\x9b\xe5\xb0\x29\xfa\xf2\xf4\xf5\xe7\xeb\x23"
	"\xbc\x88\x6f\xf4\x34\x89\x78\x11\x73\xba\x2d\xc3\xd6\x37\x53\xb7"
	"\xe5\xd5\xe6\xc0\x25\x5a\xe3\x1b\xcd\x54\x38\xb4\xa6\xb6\x30\x2c"
	"\xa9\x6c\xd2\x48\x3b\x3a\x81\x01\x55\xa6\x4d\x88\x55\x47\x64\xce"
	"\xdf\x75\x85\x93\x41\x9b\x2b\x03\x60\x27\xd8\x3f\xf6\x32\x36\x2e"
	"\xad\xf5\x2c\xb1\xc7\xb3\xce\x44\x18\x24\x70\x42\x04\xff\x34\x81"
	"\x62\x4a\x4f\xc5\x29\x76\x69\x66\xc8\x86\x47\x1b\x28\x49\xcd\x4f"
	"\x1c\x20\xcf\x52\x69\xad\xc0\xb4\xd5\x08\xe3\x47\x61\x2c\x8c\x96"
	"\xfe\x02\xbf\xf2\x00\x25\x24\xd1\x4a\xc8\xbb\xdf\xd6\x2b\x67\xf6"
	"\x5b\xab\xcd\xa0\xdb\x3a\xfd\x5d\x3a\x84\x92\xe7\xe1\xf4\x3d\x13"
	"\x09\xbc\xbc\xae\x3c\x7c\xb6\x00\x74\x0f\x3b\x5a\xd9\xb9\xb9\x33"
	"\xb4\x0d\xd7\xfb\x18\xad\xc0\x08\xc7\xcf\x66\x78\x7d\xee\xb0\x75"
	"\x36\x2b\x3e\x4c\x00\xba\xd3\xf2\xf3\xdc\xcc\xc1\xe4\xe6\x0e\x5a"
	"\x65\x0e\xca\x79\x8a\xbd\x11\x07\x90\x1b\x6f\x4a\x2b\x3f\x1c\xf2"
	"\x3e\x35\xa3\x36\xc3\xb8\xd0\xfa\x29\x98\x78\xf6\x07\x98\xd6\x33"
	"\x84\x1e\xea\x79\x14\x9d\x0b\x70\xf0\xcb\xe8\xf8\x18\xd9\xe4\xa1"
	"\xfe\x23\x2b\x8c\x6f\xaf\x58\xef\xb3\xb0\x12\x6b\x70\x15\xfe\xe9"
	"\x16\xe2\xa2\x9d\x25\x11\x1b\xae\x98\x18\xbb\x03\x07\x98\xde\xe4"
	"\x33\x21\x88\x22\x85\x33\x5f\x2d\xd6\x2b\x57\x8b\xb8\xd2\x7b\xad"
	"\x50\x2f\xda\x8c\xf6\x72\xdd\xb2\x78\xa1\x0b\xe7\x11\xca\xdd\xed"
	"\xb2\xb5\x14\xdd\xcb\x5f\x7f\xbf\x5c\xdf\x7e\xeb\x0c\xf8\x52\xb9"
	"\x07\xa3\xc9\x8e\x2c\xd6\xb7\x7d\x7d\xf1\xae\x28\x59\x3c\x9c\x2e"
	"\x54\x16\xf7\xb8\xad\x68\x3c\xcc\x52\x7c\xf2\x31\x90\x0f\x29\x52"
	"\x5e\xcf\xde\xb1\x49\xdc\x28\x59\xc4\x29\x56\x6c\x75\x4e\x21\xcc"
	"\x11\x06\x4f\x8c\xa5\x1e\x2e\x02\xd8\x47\x65\x2f\x5b\xd8\x37\x63"
	"\x1c\x69\x4a\x73\x71\xaa\x04\x63\x18\x9f\x51\x14\x58\xb2\x0f\xa2"
	"\x62\x93\xea\xc1\xd4\xcb\x41\xcb\x0a\x0f\xcf\x45\xae\x78\xc4\xa5"
	"\xb1\x4a\xc5\x2b\xa8\xe4\x76\x6a\xed\x65\x1c\xd4\x59\xc3\xda\x67"
	"\xfb\xea\x48\xf6\x2c\xcf\x2a\x23\xdc\x23\xb1\xe2\x37\x06\x28\xb2"
	"\xb8\x38\xee\x38\x04\x68\xcb\x65\xa6\xdb\x1b\xbc\xf9\xe5\xf1\xc8"
	"\xac\x6d\x7c\x30\x7b\xb4\xd0\x3b\xcc\xbd\xe1\xcf\xd2\x6c\x6c\x17"
	"\x67\xa8\x4c\x26\xe0\x0f\x39\x50\x7a\x5f\x58\xb6\xad\x95\xeb\x3c"
	"\xe1\xe5\x73\x14\x69\x85\x96\x53\x7e\x69\x9b\x3d\x36\x77\x35\xd6"
	"\xcf\x4c\xf0\x58\xaf\x9e\x3d\x76\x1b\x10\x05\x11\xee\x47\x57\xd8"
	"\xd6\x7a\x0c\x6a\x3f\x78\x37\xa8\xb9\x19\x61\xdb\xcc\x55\xa2\x27"
	"\x3f\xa5\x59\xe6\xf3\xe3\x8f\x2f\xd7\xd7\x86\x05\xe1\xf5\x3b\xe8"
	"\x40\x77\x2f\xbc\x35\xa0\x93\x4e\x2f\x7f\xfc\xfc\xda\x4d\xbc\x6f"
	"\x9d\x8c\x22\xd5\x25\x1f\xaf\xaf\xff\xfb\xf8\x7a\xfd\x59\x6a\x6e"
	"\xf5\x2e\x7e\x4b\x80\xc3\xc6\x89\x42\x99\x00\xbb\x59\x90\x4f\xf9"
	"\xce\xf1\x1b\x5a\x9e\x88\x87\x0c\xb0\x1f\xfe\x51\x6e\x72\x82\x6b"
	"\x56\x6f\x6e\xfe\x89\x29\x75\x55\x2f\xee\xa8\x00\x9d\xb3\xd4\xbd"
	"\xd2\x44\xaf\x09\x59\x56\x86\x05\xac\x22\x5c\xc0\xcc\x5a\x2b\x8e"
	"\x95\x25\x73\xdf\x60\x7b\x2b\x48\xb6\xe3\x81\x79\x5f\x52\x7f\x1a"
	"\xbe\xea\x7d\xc3\xc3\x1f\x3f\xbf\x7c\x81\x90\x09\xdd\x0f\xc3\x4d"
	"\x53\x0a\xea\x1d\x63\xa1\x75\xe0\xa1\x49\x3f\xdc\x14\x41\x4c\xc1"
	"\x25\x5b\xe3\xad\xc8\xa6\x1a\xbe\xad\x8c\xf4\x3a\x8a\x18\x31\x68"
	"\x12\x18\x0c\x6b\x2d\x44\x92\x91\x05\x0b\x8a\xd2\xff\x42\x1e\x45"
	"\xa2\xb5\xa7\xac\x08\x41\x9a\x9d\x35\xa7\xa4\x47\xd0\xa2\xbd\x65"
	"\x9b\x88\xab\x0e\x3f\x40\x13\xec\x00\xe1\xba\x59\x04\x63\xb2\xd8"
	"\x9c\x91\x70\xaf\x1a\xa9\x75\xa7\x5b\xd9\x63\x98\x9a\x8d\x31\xcc"
	"\x8d\x23\x0c\xa4\x97\x50\xc6\xb7\x89\xd6\xbd\xf5\xd6\x23\x19\x65"
	"\x29\xcd\x24\x4a\xd7\xa2\x0a\x2e\xf6\x11\x72\x4c\xc0\xc6\x8e\xa1"
	"\x9f\x83\xda\xd2\x8b\x75\xd2\xf8\x5c\x7f\x5b\x45\x81\x92\x9d\x96"
	"\xd5\x0b\x82\xa9\x9e\xe2\x49\xdf\x94\xb9\x25\x7e\x7f\xd6\xe1\xa2"
	"\x06\x9e\x81\x41\x17\x71\x21\x72\x94\xc1\x2c\x76\x31\x92\x5e\x6c"
	"\x83\x28\xa0\x18\x39\x38\x6f\x98\x70\xb1\x50\xb3\xf0\xbd\xe4\x10"
	"\x8f\x0d\xed\x20\x1e\x4b\x85\x12\xd3\x0c\xc2\xe5\x0a\xbc\x65\xa5"
	"\x43\x8d\x09\x27\x46\x4f\x0e\x9c\x72\x54\x82\x04\x3f\xa0\x34\xbe"
	"\x9c\xcf\xf0\xfe\x56\x22\x45\xcb\x14\x84\xb2\x14\x15\x35\xa2\xce"
	"\x0e\xe2\x4c\xa8\xa4\xa2\x55\xf5\x50\x0a\x39\x60\x6e\x1c\x81\xca"
	"\xd1\xd6\x4b\x58\xaa\xc7\x0f\x47\x27\x93\xfd\x59\xa4\x18\xcd\xa3"
	"\x21\xda\x02\x87\x34\xa5\x69\xea\xa0\x64\xb5\xf2\x5d\xb4\x36\x4a"
	"\x70\xca\x70\x79\xc1\x0e\x35\x8d\x14\xa3\x99\x06\x5a\x8c\x79\x82"
	"\xb7\x91\x87\xb6\x01\x18\xab\xe5\x78\x55\x73\x1a\xa1\x12\xb4\x89"
	"\x8b\xed\x49\xcd\x17\xf8\xe0\xa8\x1e\x6f\xa0\x72\xa6\xf5\xcd\x34"
	"\x49\x63\x94\xef\x78\xa3\x5b\x12\x97\xfe\x8d\x48\x09\x95\x3b\xc6"
	"\xf0\xd6\xcc\xd3\x62\xef\xac\x67\xa7\xe1\x99\xa9\x7b\xbe\x75\xd3"
	"\x8b\xc0\x4f\x33\xec\xa6\x11\x52\xb8\xe9\x13\xb2\xac\xff\xdc\x12"
	"\x5e\x21\x52\x5d\x48\x1f\xcd\xa5\xde\x00\x9d\xbb\x47\x2e\x8d\x64"
	"\x08\x32\x34\x14\x32\x37\xdd\x6e\x41\xdd\xdf\xf0\x2d\x85\xdd\x58"
	"\xa9\xcf\x77\xdf\x25\x7e\xd4\xaa\x94\xf1\x00\x63\x72\x1c\x36\x64"
	"\xad\x18\x81\xb7\x35\x54\x72\xac\x01\x8f\x3c\xa1\x69\x7d\xf5\x36"
	"\xe8\xb1\x06\xda\xc3\x68\xca\xc0\x16\x4c\xf5\x8d\x8b\x5e\x43\x64"
	"\x07\xb8\x33\x8b\x9a\x9e\x40\x4a\xc2\x8e\x6f\xda\xaf\x61\x6b\x85"
	"\x06\xd2\x13\xa3\xe6\x55\x97\x7d\x43\x97\x88\xd5\xf5\x2a\x4d\x3f"
	"\xf6\x3b\x90\x84\x9b\xfe\xe3\x57\xe8\x08\xdd\x1e\xb0\x53\xeb\x72"
	"\x02\x1b\xb4\x72\x03\xd5\xa0\x64\x79\xe1\x16\xb3\xf2\xbc\xa7\xbb"
	"\x6c\x61\x31\x78\x4c\x19\x5a\xcf\xe9\x21\x3a\x99\x0a\xad\xf6\x12"
	"\xc9\xca\xcc\xdb\x57\x4a\x75\xbd\x64\x8e\xde\xcb\x35\xc5\x04\x5e"
	"\x23\x57\x4d\xfc\x21\x67\x39\x1b\x7b\x1a\x0b\x55\x8d\x02\x3a\xd0"
	"\xe4\xe5\xe5\x7d\x91\x91\x84\x45\xa3\xe2\x52\xe7\x51\x48\x9f\x79"
	"\x3b\xe2\xee\x7f\x01\x1d\xce\x7f\x25\xeb\x15\x5e\x93\x98\x48\x59"
	"\xf2\xda\xe8\xae\xb2\x4d\x4c\xfb\xb4\xe3\x7b\xb6\xf2\x8f\x69\xc2"
	"\xd9\x40\x03\xdc\x4b\x27\x09\xf1\x97\xb3\x45\x41\x16\xce\x84\xb6"
	"\x34\xcc\x86\x64\xad\x3f\x4b\xd5\x78\xc6\xbb\xd3\xca\x73\x66\x2e"
	"\x2b\xb6\xaa\xdc\xd0\x79\x63\xcd\x01\x5f\x0c\x4f\x01\xb5\x84\xe8"
	"\x56\xd8\x17\xba\xca\x4d\x71\x86\xad\x67\x53\x3a\x60\xba\x18\xa3"
	"\x57\xd3\x48\x47\xbc\xa5\xd4\x5a\xc7\x6c\x89\x2f\x19\x4b\x67\x28"
	"\xce\xe1\x4d\x0d\x2c\x1b\xe6\x76\xa2\x5c\x4f\x5d\x3a\x31\x88\xa0"
	"\xeb\xca\xb3\x86\x56\x88\x72\x4d\x8b\xe6\xe1\x6c\xe6\xce\x5d\x85"
	"\xf8\xd3\x33\x98\x58\xba\x2b\x6f\x1b\x22\xd6\x72\x06\xa2\x0e\xde"
	"\x62\xf6\xe1\x80\x02\xb4\xbe\xb6\x76\x11\xc3\xb6\x9a\xee\x21\xee"
	"\x18\x80\xae\x68\xea\xce\x63\x94\x7c\xd8\x6e\xdd\xb9\xe7\x92\x39"
	"\x8a\x18\x0d\x4e\x54\xc9\x94\xef\xc5\x38\x07\x11\x5d\x63\x81\x34"
	"\x8c\x04\xc7\xd2\xf3\xd7\xe1\x76\xe6\x8f\xb5\xe3\x62\xe6\xec\xc3"
	"\x91\xa6\x06\x71\x5d\x2c\x47\xbb\x19\xeb\xcd\x3b\xa2\x72\xeb\x85"
	"\xc4\x9a\xa8\x51\x98\x5d\x59\x03\x11\xaf\xd6\x73\xa7\x38\x46\xc8"
	"\xe9\xe8\x1d\x49\x68\xb6\x5a\xf9\xb3\x29\xa8\xa5\x0d\x15\xc5\x9e"
	"\xef\x21\xbe\xd5\x3b\xa8\xb5\x0d\x94\xad\x16\x8b\x93\x05\x84\xda"
	"\x8a\x36\xf2\x39\x2c\xdc\xd9\x32\xca\x2c\xb0\x0d\xf5\x1d\x64\x00"
	"\xeb\xad\x9e\x54\x9d\xc5\xbc\xdc\x4c\x5d\x5f\xde\xae\xcf\x7a\x83"
	"\xf5\xf4\xf6\xfd\xf9\xb1\xbe\xda\xed\x9b\x7c\x95\x77\x53\xbd\x58"
	"\xf0\xad\x64\xfd\x33\xca\xe3\x44\xbe\x5b\xcd\x86\xe9\x22\x3d\xca"
	"\x77\xee\xa2\x31\xaf\x08\x12\x6b\xad\x25\x0c\x99\xa8\x41\xc3\xa2"
	"\x99\x6e\x87\x0e\x69\x65\x9a\x27\xb4\xfd\x34\x43\x27\x14\xa9\x94"
	"\x3d\x33\xf5\x1a\x90\x34\xdf\x8a\x25\xb4\x0c\xf0\xdd\x4e\xca\x82"
	"\xb8\x9d\x40\x63\x52\x06\x7f\xec\x93\x76\x47\xca\xb2\x76\x92\x20"
	"\xc7\x58\xef\xcf\xda\x89\x70\x0e\x6f\xee\xd8\xd3\x30\x8c\xb4\xfe"
	"\xda\xa6\xbe\x27\xcd\xb3\xee\x3a\x45\xaf\x68\x59\xae\x2a\xe3\xab"
	"\x7b\x15\x13\x70\x98\xa1\x57\x7d\xad\x43\x20\x5e\x96\x13\xb0\xee"
	"\x3a\xe9\x26\x4d\x11\x57\x42\x55\x2d\xbb\xf4\x0e\xb5\x6e\x9a\xd6"
	"\x67\x3b\x61\x92\x91\xcf\xe8\x39\x21\xe0\xca\xc9\x18\x97\xc9\x76"
	"\x95\xe0\x40\x4c\xef\x58\xa8\x7c\xe7\xb9\xcd\xf4\x7a\x65\x4b\x23"
	"\x0a\x4f\x0a\x3b\x7d\x21\xd2\xa0\x08\x3b\x39\x1d\xc0\xd7\x8a\x5e"
	"\xf1\x81\x18\xca\x2e\x87\x77\x2a\x1a\x2f\xde\xb0\x8a\xde\xe5\x35"
	"\x3a\x11\x5a\x1a\xc5\xa4\x59\xe4\x15\x11\xdf\xd8\x40\x73\x2b\x48"
	"\x6e\xc8\x91\x8d\x22\x18\xbc\x36\xde\x3b\x5d\x4c\xb3\x3e\x7d\xf3"
	"\x35\x93\x0c\x03\x10\xcd\x96\x40\x80\x49\x5c\x88\x54\x46\x0e\x38"
	"\xd3\x7a\x8e\xd7\xdb\x88\xdc\xf1\x17\x98\x47\x5d\xc8\x23\xcb\x3b"
	"\x7e\x70\x5b\x52\xc6\xbb\xfc\x12\xea\xac\x10\xa3\x71\x43\x56\x9c"
	"\x9f\x32\x0b\xd9\x6c\x48\x62\x1c\x94\xaf\xb0\x50\x6f\x35\xd9\x1d"
	"\x27\x7b\x23\xe4\xa3\x8b\xd2\x36\x6a\x85\xd8\xea\x9a\x29\x82\xcc"
	"\x1c\x64\xf1\x36\x64\xbd\xaf\xc4\xe2\xa7\x82\x9c\x9d\xce\x7a\xd9"
	"\xc5\xbf\x96\x73\x17\x89\x08\x56\x91\xfd\xd3\x08\x6b\xea\x14\xe2"
	"\x45\x53\x22\x22\x32\xd2\x62\x5b\xe3\xff\x19\x25\x6b\xad\x74\xf4"
	"\xf3\x32\xfb\xf9\x78\xf6\x73\x4b\xf6\x38\x5d\xef\x80\xc8\xc8\x34"
	"\x8a\xd3\x58\xb0\x4b\x3d\x7c\x06\xd1\x5b\x68\x8e\x84\x3e\xbe\x93"
	"\xb9\x0d\x40\xdf\x5b\x73\x38\x59\xb3\xc0\x11\x2c\x91\x8e\xb7\x9c"
	"\x59\xe8\xb8\xdc\x84\x31\x16\xe4\xde\xac\x15\x54\x66\xa3\x44\x7c"
	"\x8c\x6a\xdd\xd2\x59\x8e\xf4\x9a\x71\x15\xb7\x3a\xcd\xac\x00\xbc"
	"\x88\x7d\x2a\xb6\x8e\xeb\xe0\xc3\x35\x4a\x23\xbc\xf7\xa3\x93\x3f"
	"\xf7\xe7\x4c\x8e\xad\xc0\x58\xac\x31\x20\x27\xb1\xbb\xf0\x47\x16"
	"\xe7\xd3\x0e\x5f\xdc\x05\xcf\x14\xa7\x0c\xa7\xc7\xcc\x73\xc7\xa8"
	"\x6b\x7f\x9c\xba\x70\x47\x66\x7d\x1f\x17\xa7\x03\x27\x2b\xf7\x64"
	"\xa5\x5b\xe6\x67\x73\x7e\x98\x4a\x7c\x68\x1c\x4e\x68\xb0\x1c\x4d"
	"\x3d\xc7\xe1\x90\x93\xd5\x1d\xfd\xb7\xb9\x64\x6b\xf9\x2a\x35\x72"
	"\x48\x4a\x61\x41\xd6\x28\xa0\x67\xf0\x8e\x23\x4a\x21\x1e\xfd\x47"
	"\xf6\xce\x9f\xb7\xd4\x97\xae\xca\x92\xcb\x4d\x2f\x41\xaf\x1a\xb4"
	"\x1d\x6f\xd7\x8c\xae\xea\xee\xb6\xa6\xa3\x55\x02\x44\x4e\x9c\x91"
	"\xa1\x06\x88\x80\x70\xf2\x61\x14\xe1\x87\x5c\xb0\x51\xc4\x8e\x87"
	"\xd8\xdb\x24\xb3\x82\x05\x14\xbd\x16\xa9\xb3\xc8\x52\x6a\xa3\xef"
	"\xc6\x11\x70\x9f\x89\xbe\xb1\xaf\x41\x07\xa2\xd5\x8f\x13\xd2\x69"
	"\x32\x0d\xda\x7d\x00\xcf\xa5\x6a\x6f\xd3\x23\xea\xbc\x79\xda\x5d"
	"\xa9\xea\x3d\xa5\x5b\xd3\x48\x0c\x0e\x64\xc7\xf4\x8f\xb8\xf4\x60"
	"\x39\xa2\x76\xd6\x71\xdc\x0b\xee\x0e\xbc\xf9\xbe\x06\xd5\x83\xd7"
	"\x2f\x60\x1c\xf3\x7a\xb9\xbc\x7d\x7a\xd4\xdb\xb3\x20\xcb\xef\x6f"
	"\x50\xaf\xdf\xbe\x5d\x5f\x1a\xd0\xea\x9e\x7a\xe0\x93\xff\x74\xa5"
	"\x5d\x1a\x75\x3a\x2a\x88\x14\x38\x8f\x35\x48\x12\x6e\xc7\xc8\x09"
	"\x98\x8c\xf2\xd0\x8a\x62\xb6\xe2\x78\x7c\x82\x71\x12\xe7\x27\x0b"
	"\x6c\x8b\x4b\x45\x23\xaa\x76\xfb\xc3\x32\x19\x24\x02\xcf\xbc\xc2"
	"\x58\xaa\x53\xa1\x3a\xbd\x3b\xcc\x06\x76\x25\xd0\x85\xc9\x98\xee"
	"\x07\x5c\x82\x8d\xe3\xed\xcd\xde\xc8\x76\xbc\xe6\x80\x4d\xd2\xe3"
	"\xa4\xb2\xcb\x59\x4d\x2b\xf1\x8b\x5f\x84\xeb\x65\x21\x4d\x7e\xf9"
	"\x1b\x72\x5a\xaf\x16\x6d\xbd\x79\xf4\xab\xea\x82\xc7\x92\x37\xa0"
	"\x7e\x95\x9f\xf2\x9b\x01\x7e\xa6\x7f\x37\xa2\x8d\x34\xbf\xbb\x9d"
	"\x25\x83\xfd\xab\xef\x2f\xe0\xc7\x62\x64\x4b\x33\xfa\xad\x22\x52"
	"\xab\x22\xee\x84\x06\x14\xcb\xce\x37\xf6\x76\x34\x7d\x14\xa4\xd4"
	"\xc3\x9c\x8f\xde\x66\x56\x91\x50\x02\x47\x44\xba\x00\xcf\xd1\x1b"
	"\xd3\x00\x7e\x4e\x60\xaa\x5e\x59\x31\xf2\x26\x3d\xb5\xd8\x64\x41"
	"\xb5\xcf\x24\x99\x2a\x6f\x9b\xf4\x9a\xb0\x53\x6c\x3f\x68\xb3\xd6"
	"\x05\xe3\x05\xc5\x84\x47\x65\x59\x08\xe0\xa0\x06\x97\x94\x93\x32"
	"\xa6\xb5\xe3\xd3\x05\xd8\xdc\x90\x9b\xb2\x51\x4d\xea\x94\x05\x83"
	"\x61\x5c\x8d\x86\x68\xaa\x54\x8c\xa9\xd8\xa6\xd5\x83\xf5\xb2\x28"
	"\x73\x1a\x85\x51\x92\x3b\xcb\x11\xf5\xa3\x06\x2d\x67\xb3\x71\x09"
	"\x26\xfb\xb9\x33\x9b\xdb\x20\x8b\x85\x15\xe2\x3b\x9e\x15\x32\xb7"
	"\xf1\xb2\xf0\x56\xe3\x03\xd5\x88\xa1\x3b\x5e\xd2\x46\x15\x32\x48"
	"\x47\x21\x81\xf4\x16\x91\xe7\x4e\xc0\x78\x16\xcc\xdc\x8d\x16\x0e"
	"\xea\x38\xb2\x8d\x73\x27\x60\x7c\x3b\x66\x69\xe7\xc9\x5f\x58\x21"
	"\xcb\x99\x1d\x32\xad\x62\x1a\x86\xf9\xd6\x6c\xc2\x4e\xa7\xd5\x94"
	"\xec\xbc\xf9\xda\x02\x59\x78\x91\x37\xce\x3c\x93\x2b\x0f\x0b\xa5"
	"\x55\xeb\x9e\x2a\xf6\x2d\xe3\x87\x27\x49\x5a\x88\xbd\x9e\x29\xc7"
	"\x3b\xa5\x5a\x61\xe6\x53\x40\x53\x72\xb2\xac\x39\x06\xe4\x8f\x37"
	"\x80\xd6\x1d\x1c\x7f\xe5\x58\x31\xcb\xf5\xc9\xda\x27\x35\xce\xd6"
	"\xc7\x1a\xe7\xe9\x42\xc9\x94\x0c\x4b\xe0\x84\x1c\x75\x63\xfc\x35"
	"\x25\x43\x83\xeb\xe4\xd7\x41\x89\x48\x4f\x1c\xce\xd0\x8c\x3f\x61"
	"\xb1\x86\x55\xd0\xf1\xad\x90\xd1\x05\xb2\x5c\xaa\x11\x06\xfc\xe5"
	"\xd2\xda\x1e\x72\xab\xa2\xc5\xd8\x6e\xcf\x80\xb8\x08\xcb\x35\x78"
	"\xc2\x3a\x32\x41\x23\x95\xb1\xeb\xcf\x5c\x3b\x6f\x15\xce\xd6\x57"
	"\x1a\x37\x5f\x20\xce\x1b\x6f\x18\x45\x3c\xf7\x64\x85\x2c\x2c\x0d"
	"\xa1\xb8\x5e\xea\xe5\x28\xc6\xa8\x4d\x96\x79\x59\x63\x50\xd7\xd7"
	"\x4d\xcc\xd2\x39\xd9\x31\x83\x6e\x1d\x5a\xdc\x0c\x2b\x71\x2a\x24"
	"\xeb\xd5\x72\x7c\x66\x54\xd1\xc1\x73\x67\x84\x07\xae\x67\xed\x86"
	"\x26\xd6\xd6\xb5\x37\xac\xe7\x9c\x4e\x13\x91\x16\x9c\xf4\x88\xeb"
	"\x2e\xd9\x28\x48\x6f\x83\x6c\xa3\x12\x20\x16\x65\x00\x20\x2b\x6b"
	"\x2e\x58\x7c\x99\x26\xc4\xb2\xa0\x00\xc4\xb3\xe7\xe2\x2d\xad\x90"
	"\xb9\x3d\x97\x85\xbd\x46\x0b\x6b\xbb\x2c\x97\xf6\x5c\x96\xbe\x0d"
	"\x02\x8e\x92\x6c\xd2\x56\xc1\x6c\x82\x06\x1b\xdf\x99\x95\xed\xb5"
	"\x3f\xb3\x43\x5c\x2b\x64\x39\xb7\x43\xac\x3d\xbe\x5e\x8d\x2b\x5a"
	"\x89\xe5\x6a\xcb\x0c\x86\x8c\x40\x40\x77\x32\xb4\xe1\xab\x66\x04"
	"\x70\x1d\x1b\x93\xc6\xb5\x76\x9d\x6e\x66\xf8\x7b\xf2\xcd\x9a\xab"
	"\xeb\xff\xd2\xe0\x4f\x27\xad\x3e\x6f\xd3\xa1\xe9\x85\x6e\x62\x3a"
	"\x32\x64\xcd\xfb\x4c\x73\x57\x6c\xc3\x48\xf0\x17\x81\xe2\xcc\x63"
	"\x00\xb0\x5d\xe9\x3f\x7b\xd8\x71\xda\x7f\xe3\xa0\x13\x9b\xdc\xea"
	"\x3f\x8b\x0d\x51\x8a\x89\xb3\x9e\xdd\x05\x4b\xb6\x6a\x37\x14\x19"
	"\x8d\x53\x41\x8e\x0d\x17\x38\x65\x36\x8d\x4c\xaa\x83\xc7\x9b\x5b"
	"\x4c\xb0\x55\x79\x7c\x36\x3c\xf4\xc2\x56\x01\x9e\xcc\x15\x33\xf6"
	"\xef\xcd\xb4\x40\x34\x7d\x53\xdc\x92\x8a\x30\xec\xa4\x66\xe5\xe3"
	"\xd6\x56\x35\x4c\x22\x1f\xbe\x51\x30\xf4\x1c\x4e\xb8\x87\x2b\x57"
	"\x6c\x58\xb4\xe7\x49\xaf\x65\x98\x4a\x33\x5d\x3a\xf2\x51\xb0\x63"
	"\x42\x9c\xdb\xac\x05\x3b\xae\xff\x3a\x77\x73\x0a\x52\x21\x09\x17"
	"\x48\x46\x99\x48\x29\xdf\xb3\xb3\xec\x7d\x66\x0c\xaf\xd1\x2a\x05"
	"\x99\xeb\x0c\x3e\x58\x33\xc4\x73\x7d\xc4\xdb\x48\xd4\xdd\xb8\x4d"
	"\x13\xc1\x9b\x7e\x69\xee\x69\xbd\x86\x66\xb1\xec\xa7\x45\x2c\x68"
	"\x7b\xf6\x29\x53\x53\x84\x0f\xf6\x51\xd7\xac\x0b\xdf\xb2\x78\xc3"
	"\x11\x99\x36\xf4\x10\x79\x45\x06\xc4\x5d\x1a\x75\xce\x32\xda\xdf"
	"\x2a\x7f\xe5\x61\x4d\xad\x79\x51\x69\xde\x95\xbc\xfd\x99\xb5\x13"
	"\xf2\x20\x4a\xb7\x3c\x68\x27\x1e\x49\xa4\xe5\xa1\x23\xf7\x67\xd1"
	"\x0b\x46\x09\xe9\x1c\xe2\x0d\x22\x3c\xa8\x23\x4f\x76\x24\xe9\xb0"
	"\xc0\x12\xc9\xf5\xf0\x4b\x3b\xe9\x51\x60\x62\x71\x76\xf3\xc7\xde"
	"\x8b\x95\xb4\x24\x3d\x60\xdd\x01\xf5\xea\x0f\xbd\x3a\xb5\xa0\xef"
	"\x11\x82\xfe\xa3\xf9\x10\xfc\x96\xde\x14\x0f\x48\x04\xc7\x3c\x11"
	"\xcb\x08\x75\x7b\xa4\xed\x7a\x3e\xeb\x25\x1e\x77\x0c\x4c\x8f\xba"
	"\x52\x66\xcc\x1b\xe2\xb4\xe5\x40\xc9\xa4\x73\x88\xd4\x96\x86\xaa"
	"\x93\x9c\x82\x39\x21\xeb\x0c\xc6\x38\x8f\x14\x1f\xe8\xee\x04\x2e"
	"\xc3\x12\x9a\x76\x1b\x35\x51\x82\x6f\x91\x76\x4b\x85\x96\xb9\x76"
	"\x36\x19\x49\xe0\xcd\x75\x94\x36\x5d\x0f\x34\x12\xcb\x4a\xb5\x4a"
	"\xc8\x58\xa2\x2b\x35\xe8\x36\xab\x24\x2b\x12\x9d\x93\xce\x24\x98"
	"\xe9\x29\xa5\xf3\xba\xb9\x91\x5c\x84\x1b\x54\x12\x6a\xc8\xa0\x1d"
	"\xd3\x20\x12\xb3\x18\x6a\x61\x18\x95\x58\x05\x22\x02\x9e\x8d\x12"
	"\x1e\x74\x26\x1e\xb8\x01\x90\xdd\xf3\xc5\x46\x62\x4f\x00\x8c\x3d"
	"\x66\xa7\x21\x44\x1a\x04\xa4\xd3\xf3\x7a\x5a\xed\x75\xcc\xfd\x02"
	"\xa4\x99\x58\x4e\xcb\xb7\x85\x33\x39\xf7\xca\x94\x19\x63\x60\xc9"
	"\xb7\xef\x36\xb5\x54\x20\xa4\x7a\x81\x63\x58\xc5\x75\x79\x59\x94"
	"\xf7\x26\x70\x11\x73\xe4\x83\xad\x60\x2c\x21\x92\x37\x8c\xf5\x6e"
	"\x49\x7d\xc6\x62\x22\xd4\xfb\xf4\x5c\x15\x51\xd7\xa1\x91\xda\xfb"
	"\x44\xf1\x43\xda\x49\x49\x33\xc9\x58\x4f\x8c\xd4\x4e\x4f\x3b\x31"
	"\x36\x55\xed\x44\x2e\x55\x4c\xa4\x6a\x4f\x41\xcd\x74\x7c\x81\x3c"
	"\x92\x72\xa5\x68\x26\x71\x1e\x77\xde\x93\x43\xf2\x89\xeb\x71\x81"
	"\xe4\xf2\x91\x89\xb4\xdb\xb6\x75\x1a\x5e\xf6\xc7\x33\xd5\xca\x43"
	"\x7f\x62\xae\x7c\xb4\xed\x72\x7c\xd4\x90\x28\x93\x43\x01\x4c\x87"
	"\x35\xaa\xf2\x4a\x79\x60\x74\x0e\x19\x77\x54\xe0\xf2\xbd\x63\x69"
	"\x90\xab\x15\xfd\x76\xbe\xf7\x58\x81\x6e\x00\x60\x24\x9b\x74\x17"
	"\xf0\x02\x2c\x0c\xb5\x8e\x58\x1a\x49\x36\x5d\x14\x6e\xfa\xcf\xd4"
	"\xcd\xfd\x79\xcf\x97\x21\x18\x66\xc1\xf4\x4e\x64\xb1\x6b\x3a\x19"
	"\x6c\x5d\xf1\x1b\x58\x92\xe8\x99\x2b\x60\x45\xc2\x8e\xd5\xd3\x68"
	"\x79\x8b\xa6\xd0\x72\xde\x03\x4d\x75\xb7\x2b\x6e\x3a\xc7\xaa\xc2"
	"\x65\x83\xbd\x24\x6f\x5b\xd3\x1b\x72\xeb\x65\x25\xea\xa1\x2a\x55"
	"\xdb\x31\x1a\xd8\xb4\x2b\x16\x71\xc4\x90\xa5\x46\x6d\x22\x33\x27"
	"\x4a\x85\x8a\x02\x20\x61\xaa\x03\xc3\x36\x30\x36\x30\xf1\x69\xb1"
	"\x2b\x7b\xe3\x3a\x0b\xb9\x4a\x03\xda\xd1\xb4\xfe\x86\x84\xc3\x82"
	"\x75\x7d\xfb\x51\xbb\xfd\x7c\x06\x93\xe4\xfe\x95\x87\xf9\xde\x5f"
	"\x9e\x66\x33\xe8\x27\x44\x26\x4e\x20\x13\xdd\x6e\x2c\x53\xcb\x77"
	"\x88\xbd\xd4\x6a\x7b\xd3\xed\x0a\x56\x65\x84\x37\xe1\x29\x77\x9d"
	"\xd9\x2e\x1b\x05\x71\x99\x39\x8e\x7f\xb2\x62\x3c\xbd\xef\x1a\xc3"
	"\x84\xba\xc3\x74\x69\xa3\x18\xbd\x58\x78\x10\xef\x73\x94\x69\x5b"
	"\xad\x72\x1b\x40\x46\x2b\x67\xbc\x0c\xb1\x22\xbe\xbf\x58\x2f\x47"
	"\x41\xbb\xa0\x34\xa4\x32\xaf\x84\xb0\x69\x02\x9c\xb7\x44\x4e\x37"
	"\x70\x09\x88\x4b\x15\xb4\x3b\x78\x7e\x7c\x7b\xeb\x6f\xaf\xcc\x60"
	"\x6d\xbe\xfa\x30\x2f\x52\x84\x71\xb8\xd0\x4e\x3c\xd2\x5e\xc7\xab"
	"\x76\x78\x48\x53\x24\x18\x00\xfd\xe7\xc1\x54\x5f\xa5\x02\x2c\x56"
	"\x3f\x5f\xbe\x83\x73\x27\xf0\xc2\x25\x21\xca\xc1\x1f\x3f\x7f\x3c"
	"\x6c\xa2\x3d\x4c\x0b\x85\xa4\x0f\xdf\x1e\xff\xae\x1f\x72\x3c\x3e"
	"\xbf\x5d\x1f\xfe\xb8\x3c\xbc\x5c\x2e\x9f\x2f\x9f\xff\x47\x67\x7a"
	"\x69\xe5\xb4\xbb\x3c\x7f\x37\x8f\x3a\xbe\x41\x14\x96\xa7\x97\x2f"
	"\xd7\x76\x45\x2a\x5c\x97\xcd\x2a\x79\xe4\x85\x73\x13\x05\x1b\x3f"
	"\x6c\xc7\xd0\xca\x8d\x28\x12\x92\x8d\x15\x17\xea\x85\x1a\x0b\x5a"
	"\xdc\xc4\x71\x09\x4f\x89\xac\x30\xfd\x3b\x51\x56\x94\xa4\x54\xcc"
	"\xd6\x93\x60\x48\xdc\xaa\x26\xec\x7d\x1e\x67\xdd\x60\x1b\x83\x40"
	"\x12\x91\x9c\x12\x2b\x2c\x4d\x98\x51\xb4\xad\xc0\x3d\x11\xb1\x3d"
	"\xbb\xda\x5d\x9f\xee\x90\xc0\xde\x1f\x2c\xd1\x8d\xb8\xf1\xdd\x05"
	"\xde\xd6\x39\x19\x5e\xd2\xf9\xb7\xc7\xaf\x4f\x2f\x5f\x1b\x1e\xed"
	"\xda\xb3\x0a\x0d\xc6\xbc\x3d\x9a\xdd\xc8\x88\x64\xf1\x0c\x8f\x25"
	"\x68\xbe\x37\x03\x9d\x8a\x60\x90\xb7\xe4\xfa\xe3\xe9\xcb\xdf\x0f"
	"\x5f\x4a\xf7\xc1\x9d\x11\x6e\xa6\x87\x9b\x93\x89\x06\xa1\xf2\x1b"
	"\xd3\xb1\x9f\xbb\x51\x78\x37\xb5\xf4\x4e\x42\xf5\xce\x83\xeb\xd5"
	"\xae\x6d\xce\xda\x1e\x6a\xaa\xe3\xd1\xdc\xb0\x11\xab\xfb\x73\x20"
	"\xb0\xe5\x40\x66\x33\x76\x52\x60\xfa\x1a\x8d\xb1\x6c\x0c\x21\x7a"
	"\xe5\x9b\x8a\xd6\x45\xdc\x83\x98\x34\x11\x47\xbd\xeb\x12\xa4\x33"
	"\xe3\x99\xf9\x0e\x5e\xfa\x15\x51\x16\x17\xd1\x80\xbe\x61\x2c\x4c"
	"\xeb\x46\xd1\x29\x60\xe7\xfb\x21\x40\x3b\xab\xbc\x01\x62\xb0\x75"
	"\x0f\x18\xad\xda\xc3\x58\x90\xe0\xf3\xbc\x71\xcf\xc5\xc0\x1a\xa6"
	"\x08\x15\xe5\x83\xdd\xac\xfe\xfe\x7e\x09\x1e\xe2\xc7\x97\xc7\xaf"
	"\xe0\xf2\xd0\xb8\x44\xe9\x74\xb6\x3a\x67\x0c\xae\x29\x13\xb2\x35"
	"\x41\x75\x06\xfb\xf1\x18\x78\x3d\x8d\x4a\xa7\x19\x26\x70\x7f\xa5"
	"\x80\xd8\x12\xba\x65\x58\xcf\x19\x84\xb1\xa6\x16\xe9\x3d\xae\xfd"
	"\xcd\xe9\xcc\xf6\xf9\xe7\xa5\xd2\x57\x6a\x6f\xae\x1d\xa5\x0f\xbe"
	"\xef\x9e\x9e\xde\x08\x3d\xb5\xc4\xa4\xa6\x61\xcf\x82\xbd\x54\x41"
	"\xa9\x48\xef\xfb\x3b\x78\x59\x66\x9c\xc3\xfc\x3f\x69\x57\xf7\xdc"
	"\x28\xae\xec\xff\x15\xd7\x7d\xda\xad\xba\x53\x87\x0f\x83\xf1\xc3"
	"\x79\x00\x81\x6d\x26\x08\x08\x02\xc7\x99\x17\xca\x9b\xb0\x33\xae"
	"\x4d\xe2\x5c\xc7\xb9\x67\x73\xfe\xfa\xab\x16\x60\xf3\xa1\x16\x3e"
	"\x75\x5f\x26\x63\xf5\x0f\x21\xa4\x96\xd4\xea\x6e\x75\x17\x7a\x59"
	"\x18\x92\x6f\xc7\x83\xa4\x92\x4d\xc8\x05\xf4\xc0\x55\x8a\x25\x8b"
	"\xbe\x5a\xfc\x32\x60\xf0\x8d\xf2\x6d\xb7\xbe\x2f\x32\xda\xac\xea"
	"\x5b\x24\xaa\xcb\x5f\x1d\x98\xea\x66\x61\x07\x56\xf7\xcf\x14\xca"
	"\x0d\x33\x02\x5d\x34\x89\xcb\xee\x4c\x1d\xb1\xc6\x76\x60\xb5\x9a"
	"\x74\x0a\x45\x36\x26\x62\x70\xe9\x80\x84\x94\xbe\x09\x54\x1b\x5f"
	"\x0d\x84\xb4\x69\x5c\x9e\x21\x41\x14\x28\xa5\xef\xf6\xe5\x29\x97"
	"\x14\x77\x93\xa8\x66\x7f\xa1\xce\x14\x32\xa0\x69\xb0\x46\xa6\x46"
	"\x03\x81\x99\xcd\xc7\x23\x41\xc6\x7d\x1b\xf2\x03\xe7\xd4\x6b\xc2"
	"\x14\xf1\x6b\xee\x62\x26\x6b\x09\xf8\x3c\xbe\xa5\x93\x5a\x5c\x99"
	"\x87\x53\xd0\x95\xa3\x1b\xa6\x31\xc9\xb4\x22\x4c\xc7\xf4\x47\x3e"
	"\x4c\x42\x8a\x62\x0a\x02\x8a\xf2\xd4\x8d\xcb\x54\x25\x96\xf4\xa0"
	"\x93\xb0\x88\x4d\xf6\xc3\x5d\xe2\x85\x7c\xd6\x91\xc9\xbe\xa5\x7c"
	"\x53\x28\x6e\xe8\x32\x11\x23\x64\x12\x94\xb0\xc5\xc2\xd0\x6e\x81"
	"\x39\xf3\x69\xd8\xae\xb8\x85\x3b\x62\x77\x4b\xdd\x58\xcd\xf3\x69"
	"\x64\x98\x9a\x89\x70\x3c\xdf\x9f\x6c\xc7\x9a\x9c\x5a\xf7\xc4\x2d"
	"\x26\x67\xea\x3d\xdf\x79\x40\x6b\x31\xb9\x1e\xa6\x24\x75\x76\xd6"
	"\x24\xcc\x5d\x05\xd3\x4b\x2b\x44\x84\x7c\x08\x21\x96\x05\x63\x93"
	"\xe8\x47\xea\x21\xa1\xdc\x3b\xa8\xe9\x89\x26\x02\x32\x7d\xc7\xc2"
	"\xbd\x76\x80\x3b\xbe\xa6\x27\x93\xfd\x91\xa4\x68\x34\xc2\x2e\x8a"
	"\xc6\x61\x1c\xe4\xb7\x54\x46\xa6\x6b\xdb\x81\x72\xad\xa4\x93\xd5"
	"\x3d\x84\x6c\xe3\x25\xf1\xf4\x40\xb0\x42\xd7\x26\xb9\xfa\x3e\x9f"
	"\x9c\x6b\xa3\x63\xe2\x65\x2f\xef\x6b\xae\x9e\xe5\x7a\x97\x80\x86"
	"\x36\xfe\x0e\x4e\x35\xf0\x9d\xd3\xf5\x8b\x5c\xc9\xe5\x5b\x16\xe0"
	"\x27\xd8\x2c\x4c\x2c\x45\x0f\x44\xc1\x3a\xc9\xc1\x3c\x84\x23\x14"
	"\x5a\x88\x76\x13\x24\x8f\x0b\x62\x9b\x0a\x98\x88\x01\x8a\x8b\x4a"
	"\xbe\xb0\xd3\xe0\xda\x1b\xd8\x1e\x83\x48\xb1\x0c\x0b\xd3\x6d\x73"
	"\x4d\x00\xff\x12\xfc\x43\xf2\x0c\x44\xf2\x6d\xe8\x65\x10\xf2\x19"
	"\x6f\x68\xf2\xe0\x66\xbc\x47\x71\x04\x1a\xfe\xa6\xd6\x89\xd5\x41"
	"\x20\xb9\x48\xbf\x0a\x77\x70\x0c\x51\x48\x8f\x60\x6c\x59\xe1\xbb"
	"\xdd\x23\x7f\x1a\x67\x8a\xe0\x87\xe8\xb7\x1d\xce\x73\x1b\x16\x42"
	"\xc6\x12\xcf\xb4\x34\x73\x12\x34\xb7\x11\x4f\x4a\xd1\xad\x61\xdc"
	"\x04\x5b\x51\x7f\x3d\xd9\xb8\x09\xe3\xfb\xa9\x74\x16\xa5\xbf\xbe"
	"\x3e\x0e\x4f\xfb\x97\x59\xb4\xff\xe2\xe7\x00\x64\x1a\x0d\x32\x2b"
	"\x8d\x15\xb7\xee\x5d\x00\xf1\x96\xa4\xa0\x38\x49\x6b\xb5\x25\x09"
	"\x42\xf9\x85\xed\xcb\x19\xa5\x3d\xfe\xad\xd0\xb7\x89\x4c\x54\x5b"
	"\xaf\x60\x6a\xb5\xa4\x86\x4b\xb1\x45\x24\xf5\x8c\x14\x95\x8b\xd3"
	"\xd4\x70\x6b\xac\x4b\x27\x14\x56\x5d\x10\x84\x5a\x0c\xd8\x8d\x50"
	"\xa6\x6c\x8b\xf8\xd4\x52\xb8\x70\x18\x12\x6a\x7b\xc2\x8f\x0b\x5a"
	"\xd6\x81\x2a\xd8\x00\xd7\x9e\xbc\xd4\xc7\x31\xb8\x55\x96\xb0\x30"
	"\x1f\x9c\xda\xfc\x22\x96\x45\x61\x17\xcb\x5b\xcc\x67\x7d\x6d\xa6"
	"\x4d\x21\x42\x74\xce\xb7\x86\x7c\x53\x62\xe1\x17\x84\xae\x80\x5c"
	"\x33\x10\xd1\xbc\x68\x52\xd6\x0c\x2b\x6e\x9b\x56\xbf\xc0\x7f\x00"
	"\x6b\xac\x1b\x89\xdc\x30\x72\x06\xae\x4e\x87\xf7\x5f\xd5\x89\xb3"
	"\xf0\x55\x0d\x3f\xe4\xdf\x56\x0d\x5d\xf8\xf8\xe9\x6c\x9d\x29\xc9"
	"\xad\x76\x18\x05\xa4\x3b\xd7\x58\xe0\x2b\x03\xdd\x2a\xab\x07\xb2"
	"\xa9\xd0\x91\xc3\xbb\xf1\x45\xc5\x83\x2c\x48\x8a\xda\x5d\xea\x5b"
	"\x96\x69\xab\x20\x5c\x96\x30\x8c\x85\xa1\xa6\x3b\xf8\x86\xb6\x4e"
	"\xee\x70\xf9\x3f\x58\x1b\x5a\x3e\x35\x21\x76\x21\x5f\xd1\xf0\x0e"
	"\xac\x83\xb5\xe0\x16\x94\x28\xf4\x10\x36\x5e\x8d\x95\xea\xc5\xf5"
	"\xc0\xdf\x2b\x0d\xfa\xa1\xd8\xea\xa7\xe3\xe1\xd3\xab\x9a\x3b\x87"
	"\x85\xab\x51\x49\x3f\xd4\x4a\x53\x96\xa7\xc3\xa2\x74\x5c\x54\xab"
	"\xac\x58\x46\xc6\x9f\x32\x2a\xe2\x3f\xe2\xeb\xda\xd5\x23\xc1\x41"
	"\x39\x91\x13\xeb\xff\xf6\x23\x94\x74\xcb\x9b\x1e\x42\x7a\xfb\x82"
	"\xaa\xbb\x56\x5e\x43\xe2\x05\xbb\xa9\xe7\x63\xc5\xf3\x01\xc1\x65"
	"\x97\x2e\x08\x92\xb6\x30\x54\x0d\x76\x41\xb6\x83\x86\xd4\x13\xdc"
	"\xf0\x32\x11\xe6\xad\xb5\x80\x4c\xa2\x57\x65\x04\x91\xcb\xa6\xda"
	"\x35\xe6\x9c\x0e\xc9\xc7\xbb\x87\x33\x83\xef\x4d\x57\x3e\x62\xb8"
	"\x0e\x2d\x55\xd0\x14\x6c\xd5\x21\x95\xb1\x9f\xe0\x75\xdc\xc0\x7f"
	"\x32\x9e\xee\xd2\xe4\x13\xe1\x82\x28\x44\xa0\xc1\x3e\x71\xb4\x39"
	"\x29\xba\xb0\x70\x89\x7e\xcb\x48\x72\x9c\x71\x43\x5f\xd7\x13\x1e"
	"\xab\x64\xe0\x13\x80\xbe\x6b\x4b\x6e\x81\x35\x96\x41\x14\x0a\xae"
	"\x16\x6a\x9d\x38\xbe\x60\xe7\xb8\x3d\x68\x0d\x73\x76\x62\x31\x5f"
	"\xe1\xe2\xcf\xaa\x88\x09\x1c\x70\x15\x90\x9b\x66\xd9\x5a\xb2\x40"
	"\x0d\x4c\x3c\x7e\x28\x51\x90\x0f\x2a\x99\xea\x44\x48\x30\x78\xd9"
	"\x57\x14\xf5\xf0\x75\xb0\xa4\x0a\xa1\xaf\x66\x47\x05\x5d\xc5\x1b"
	"\x5c\x44\xf6\xd6\xa9\x82\xfc\x10\x78\xc4\xa5\x72\x01\xe9\xf8\x2f"
	"\x11\x2a\xfd\x05\x24\xfb\x2f\x91\x53\x0a\xec\x16\xdf\xc8\x58\x11"
	"\x2e\x8c\x15\x43\xf6\x05\xd3\xd2\xd0\xbb\x6e\x24\x50\x97\xa8\x44"
	"\xfe\x20\x5b\xa1\x28\xed\xbd\x86\xff\x1c\x8b\xd7\x1d\x5a\x9d\xf5"
	"\xc0\x0f\xb8\x7c\x9b\x05\x6d\xb2\x83\x4e\xce\x08\x48\x05\xda\x08"
	"\x96\x2c\xef\x99\xa1\x20\x5b\x4d\x70\xcf\x0f\xfa\x94\x8c\x0a\x2f"
	"\x76\x8a\x5e\x3b\x02\xea\x05\xbe\xcf\xdf\xc2\xb0\xf9\x01\x28\xb0"
	"\x5a\xc5\x42\x82\x86\x60\x2e\xfd\x58\xe8\xb5\x5f\x8d\x48\x8a\x57"
	"\xe7\xc5\x23\xfb\xd3\x73\xc7\x31\x64\xf8\x61\xfd\x0f\xa9\xbf\xb5"
	"\x09\x51\xe6\x8c\x29\x9e\x70\xe5\xe9\xf9\xad\xc3\x02\x59\x60\xe1"
	"\x5c\xe0\x49\xf4\x78\x28\x7a\x2e\xe4\x9c\x09\x49\x2c\x21\x04\x9a"
	"\xf0\xa3\x53\x7e\xcc\x0d\x0e\x2f\x50\xab\x9b\x51\xfe\x27\xc4\xdf"
	"\xea\x6f\x14\xd4\x3c\x5c\x51\x70\x47\x40\x9f\x4e\xf1\x67\x89\xb7"
	"\xc0\xd2\xce\x72\x2a\x64\x75\x60\x3e\xa5\x04\x61\x35\xff\xa1\x3f"
	"\x1c\xfe\x03\x68\x49\x5c\x32\x2a\xb5\xe7\x5e\x08\x87\x38\x36\x26"
	"\xa5\x51\xbe\xa2\xa3\xd2\xa1\x21\xad\x29\x1e\xe6\x3f\xa9\x4b\x57"
	"\x49\x46\x82\xd2\x34\xe0\x1d\x6c\x95\x95\xd9\xc3\x68\xbe\xb4\x35"
	"\x96\x2b\x9a\xa2\x9f\xcb\x51\x77\xa6\x8a\x9a\x2a\x46\x61\x5b\x78"
	"\xa6\x86\x77\x65\xc1\x36\x44\x41\xf4\x37\xa1\xcd\xcf\xf4\xf8\xf3"
	"\x79\xc2\x36\xa1\xe7\x2a\x9b\x40\x91\x18\x79\x82\x09\xb2\x94\xca"
	"\x3d\x0c\x68\x40\x59\x1e\x12\xd9\xa5\x79\x70\x81\x03\xd7\xb0\x8e"
	"\x2b\x33\x38\x8a\x89\xb0\xa1\xbd\xe8\xaf\x97\xd2\x3a\xd1\xea\x68"
	"\x4e\x80\x1b\xb7\x44\x5b\x22\x9e\xf3\x08\xb5\xb1\x3b\xb7\x57\x80"
	"\xa5\x00\x40\x96\x71\xe4\x5e\x6f\x4b\xc7\x2e\x90\x0b\x7a\x4a\xdc"
	"\xa5\x65\x2a\x00\x68\x5c\xcf\xba\xfa\xd4\x5c\xce\xe7\x2a\xba\x65"
	"\x19\xfa\x04\xdd\x54\xd3\x6d\x43\x45\x77\x2c\x4d\x59\x3f\x1a\x50"
	"\xf5\xfa\xf9\x48\x6c\xd3\x0b\xc0\x36\x15\x00\x9f\x8b\x85\xc6\x9c"
	"\x69\xc8\x9d\xa6\xba\x12\x24\x46\xac\x20\x66\xc1\x1a\x96\x55\x44"
	"\x65\x59\x73\x81\xcf\x0f\xd4\xaa\x5e\xc8\x4d\x6b\xa9\xe8\xc5\x9c"
	"\xb8\xb6\x85\x84\x54\xad\x01\x11\xb1\x96\xd8\x3d\xc5\x0b\x9f\x59"
	"\x7f\xe3\xf4\x90\x99\xfa\x2a\x32\xf5\xe5\x6e\x12\x33\x08\xad\x35"
	"\x98\x24\xc2\x53\xec\x8f\x97\xc3\xdb\x5f\xbf\xe9\xbf\x0b\xb9\x24"
	"\x5b\x7b\xb3\xe6\x2e\xc4\xe7\xdb\x33\xf8\x20\x8c\x6f\x1e\xcd\x7e"
	"\xbb\xfa\x39\xff\x3e\x9e\x66\xa0\x01\x55\x0c\x01\x7b\x64\x98\xe9"
	"\xa3\xa6\x1b\x34\xf5\x54\x03\x10\x66\x90\x47\x38\x03\x09\x48\x95"
	"\x58\x79\x88\x25\x90\x6d\x68\x15\x12\xd8\x54\xf1\x94\x30\x6d\x13"
	"\x0a\x5d\x5b\xd4\x6b\xcc\x60\x4d\xaa\x69\xf6\x85\x36\xe0\xaf\xdc"
	"\xb1\xe6\x0b\x69\x8f\xe7\xa7\xc3\xcf\x9f\x3d\x59\xa3\xeb\x0c\x3b"
	"\x5e\xe6\x5a\x2f\xd9\x91\xf2\x4e\x0e\x4b\xe2\x00\xf5\x3f\xeb\x01"
	"\x37\x01\x17\x4a\x3c\xcc\x51\xa0\x07\x55\x5f\x73\xe8\x41\x09\x92"
	"\x56\xab\x07\x52\x2f\x6f\x2d\xaa\xf5\x6a\x96\xe4\x6e\x3a\xbc\x9f"
	"\xf7\x7f\xbc\x54\x1f\xb3\x73\xdd\x99\x57\x36\x8d\xab\xf3\x9f\x87"
	"\x97\xf3\xc5\xe1\x67\xf6\x1b\xf4\xf9\x79\x7f\xfa\x59\x9d\xc7\x3c"
	"\x7a\xe9\x5b\x2e\x2f\xb2\x10\x4b\xb2\xd1\xff\x40\x3c\x7b\x73\x0f"
	"\x07\x29\xd0\x65\x62\x0c\x7b\x08\x73\xd2\x63\x98\xba\x64\xd4\x29"
	"\xbd\x0c\xd7\x90\x20\x28\xe6\xd5\x8a\xf3\x50\x3f\x26\x4d\x4d\x0e"
	"\x72\x6b\xb7\x53\x3c\x1e\xe4\x8b\x5d\x2f\x98\x0d\x78\x7e\x30\x16"
	"\x7a\x61\x14\x22\x29\x56\x42\xfe\x6f\xcc\x45\x00\x69\xc2\xc0\x80"
	"\x2f\xc1\x32\xed\x33\x94\xcb\x12\x42\xe7\x04\x54\x80\xd7\x39\x04"
	"\x05\xed\xb6\xde\x29\xda\x10\x2e\x77\x3c\xca\x0b\xdb\xb8\xe1\xff"
	"\x75\x3a\x3f\x5d\xb3\x56\x02\x00\x72\x63\x26\x1b\xd2\x7f\xaa\x29"
	"\x1c\x3c\x75\x4d\x87\x9c\x13\xc4\x7c\xc9\x29\xb3\xc3\x1b\x67\xa1"
	"\x3f\xf7\xbd\xf4\x55\xf0\x04\x58\x3f\x86\xb9\x2e\x2f\xe5\xe0\x67"
	"\x27\x29\x1e\x04\x61\xee\x96\x97\x45\x18\x88\xb4\x1b\xf2\x8c\xcd"
	"\xd0\xc4\x6c\x3b\x3a\x20\x5c\xee\x37\x40\x4b\x25\x52\x4e\xfb\x9c"
	"\xeb\x79\xd6\x8f\x00\x49\x93\x73\x05\xed\x1c\x2c\xc9\x77\x03\xf1"
	"\x19\x1a\xdc\xbf\x0b\x41\xae\x29\x77\x20\x36\xa2\xc1\x6e\x21\x9b"
	"\x47\xea\x58\xb6\xba\xbd\xfc\x1c\x64\x2f\x11\xb9\xb7\xc5\x64\xcc"
	"\x22\xe6\xc4\xbb\x42\x16\xe9\x86\xe6\xdc\x80\x31\xd4\x15\xed\x38"
	"\xc4\x52\x22\x52\xb2\x42\x2f\xff\xf7\x30\x9a\x7d\x03\xe8\x16\x8c"
	"\x33\xd1\x87\x73\x3d\x77\xd4\x5d\xe8\xdd\x9b\x48\xaa\x8e\x16\xc1"
	"\xb8\x0c\xbc\x44\x62\xdd\xb7\x98\x15\x35\x75\x73\x62\xac\x38\xfb"
	"\xe9\x93\x10\x0b\x89\x10\xd3\xad\xc5\x50\x8f\x42\x40\x4d\xcd\x50"
	"\x73\x71\xb6\x75\x1c\x4d\xdd\x75\xcc\x1a\xeb\x71\xe0\xbc\x3b\x31"
	"\x15\xa1\xc7\x97\xd3\x83\xb2\x9c\x4f\x4f\x44\x63\x1a\x62\x4d\x42"
	"\xe6\xe6\x34\x64\x7a\xc6\x2f\xb5\xe9\xa9\x8a\x38\x3f\x5e\xba\x7c"
	"\x89\xc5\x06\xbb\x0e\xed\x7c\x7a\xf4\x6d\x5d\xbf\x61\x49\x98\x3b"
	"\x37\x2c\x2d\xc6\xd4\xf4\x32\xf4\x89\xb9\x4c\x49\xba\x58\x5a\xc8"
	"\x2e\x28\x09\xc7\x06\xfc\x03\x8a\xbf\x1b\x96\x74\x9f\x99\x98\x0b"
	"\x5c\xbf\x85\x53\x8c\xce\xf9\x68\xd9\x57\x99\xf7\xdd\x8f\x27\xdb"
	"\xa1\x1b\x8e\x3d\xc5\x20\x96\xae\x4f\x42\xac\x49\x4e\xb4\x1d\xab"
	"\x5c\xb9\x34\x8c\x1e\xa7\x90\x8b\xf9\xd4\xe4\x30\xe6\x9a\x7a\x8a"
	"\xb1\xfc\x4e\x5f\xe4\xee\x04\xa3\xcc\x9d\x7c\xe2\xeb\x01\x62\x5a"
	"\x93\x10\x6b\xa9\x86\x30\x6a\x1b\x13\x1f\xe5\xdd\xcf\x9d\x09\xa6"
	"\xcd\x52\x8b\x4c\xcc\x32\x60\x08\xf5\x0c\xfa\xf1\x18\xdf\xf7\x75"
	"\x59\x82\x31\x8e\x6f\xdf\x40\xe6\xef\xf3\x4b\x7b\x5f\xd3\xdd\x06"
	"\x90\x4a\x0e\xea\x18\x8a\x40\xf5\x16\x42\xd4\x83\x11\x60\xb2\xa4"
	"\xa0\xf2\x03\x22\xd3\x1d\x59\xc5\x69\xa4\x4d\x6c\x3b\x80\x50\xf7"
	"\x08\x8b\xb7\x4c\x1a\xfb\x83\x55\x6f\x1f\xfc\xb8\x3c\x31\x43\x3a"
	"\x77\x62\x87\x57\x19\x5a\xbf\x1a\xea\x5e\xaf\x7b\x5e\xbd\x6d\x2e"
	"\xa5\x88\x78\xca\x01\xe3\xd4\xaa\x90\xba\xbb\x0e\x4c\xdc\x89\x3f"
	"\xc1\xcb\x92\xde\x4d\x79\x97\x82\x42\x2f\xd2\x1c\x24\x41\x1e\x44"
	"\xd2\xf5\x91\x5b\x44\x22\xce\xb5\xd0\xb6\xda\xf2\x19\x44\xb9\x28"
	"\xc4\x3f\x76\x2b\x8d\x06\xda\x5e\x2c\x10\x1f\xd7\xbd\xa8\x6e\x9a"
	"\x1a\x94\x76\x5b\x59\x7b\x1a\x94\x58\x43\x1a\x72\xcd\x8e\x28\xea"
	"\x9e\x24\x14\xc6\x80\xf7\x01\x5d\x23\x9e\x93\x57\x8c\xdc\xef\xe9"
	"\x01\x6a\x27\x2a\x5a\x29\x8b\x16\x0e\xf5\x91\x97\x43\xf5\x76\xee"
	"\x31\x86\xcb\x1e\x63\x52\xe6\xf8\x87\xf1\x72\xa9\xa4\xcf\xcb\xbd"
	"\x62\x35\xbe\xf9\x2b\xea\x03\x67\xa6\xce\xcd\xf5\x07\x51\xda\x1b"
	"\xf3\x62\xa7\xf4\x00\x44\x4e\xe2\xdb\x15\x46\x08\x21\xd7\x5c\x9d"
	"\x30\x64\xd4\xd4\xed\xe1\xc4\x1b\x29\x9b\x16\xf0\x58\x98\xa0\xda"
	"\xe4\x86\x4c\x69\xff\xad\xcd\x25\xe8\xa7\xd3\xf1\xe3\xf8\xe7\x79"
	"\xb6\xf9\x7a\xaf\x4e\xdf\xb6\xb3\x9f\x9f\xd5\xc7\x79\x7c\x63\x9c"
	"\xe5\xee\x3a\xec\xc7\x67\xe6\xe7\x65\x46\x0d\x30\x84\x49\x5f\xcb"
	"\x19\x20\xf0\x43\x64\x19\x88\x1c\x7d\x69\x14\x18\x11\xcb\x7e\x9b"
	"\x39\x0b\x1d\x7b\xca\xd1\x1d\x27\xc0\x6a\x64\x16\x76\x1c\xd9\xe6"
	"\xb6\x8d\x5c\x3d\x14\x24\x7b\x7c\x38\xe4\xdd\xf8\x71\x6e\x6e\xe0"
	"\x5d\x06\xa3\x4e\x19\xfd\xf4\x54\xbd\x54\xa7\xe3\x6b\x75\x1e\x0c"
	"\x91\xcb\xf9\x44\xb7\x0d\x64\xa3\x68\xa9\xa6\x92\xba\x54\x51\x11"
	"\x47\x7a\x46\x5c\x73\x10\x2a\xb0\x6e\xe9\xdb\xfe\xe5\xf8\x73\x76"
	"\xe6\xfc\x74\xf8\x79\x38\xef\x5f\x40\xa5\xc3\x3f\x65\xdc\xee\x85"
	"\x8d\x44\xab\xe4\xa4\x05\x72\xd0\xe1\x24\x47\x47\x9f\xd2\x11\x77"
	"\x2e\x4e\x1a\xb8\x59\x75\x9b\xda\xb6\xf3\x8f\xc3\xb7\xe7\xc3\xa9"
	"\x7a\x12\x99\xc0\xb1\x46\xe7\x0b\x53\x1f\x8f\x1c\xd9\xbf\xef\x9f"
	"\x78\x25\x6f\x4f\xd5\x4d\x5f\xae\x5b\xe8\xe7\xe9\x16\xfa\x0d\x8b"
	"\xf9\xf8\xcd\xbe\x68\x31\xff\x53\xbf\x91\x7d\xbd\x9d\x7f\x55\x1f"
	"\x87\xc1\x0b\x97\x8e\x89\xd5\xca\x49\x73\x49\xad\x75\x75\x3f\xbf"
	"\xf8\x1c\x7e\x3a\xbe\x57\x9c\x04\xdb\xa7\x84\xf3\x34\xc9\xb5\xb0"
	"\xb8\x3a\xff\xeb\x78\xfa\x4b\x74\xf0\xd7\xbf\xab\xd3\x7f\xcf\xc2"
	"\xd7\xf7\xea\x59\x74\x0f\x41\xfa\xc4\x5a\xf6\x43\xe1\xd6\x9a\xd7"
	"\xc3\xcf\x5f\x67\xd9\xbb\x5b\x05\x19\x3f\xeb\x1b\x4b\x4d\x47\xe2"
	"\xa8\xf5\x40\x88\xed\x28\xe7\x44\xec\xe4\x0d\xb4\xbf\x17\x7f\x8f"
	"\x19\x87\xf3\xc8\xff\x56\xb3\xea\xad\x3a\xfd\xfc\x9a\x89\x39\x09"
	"\x73\x36\x24\xfd\x4f\x0a\x16\x58\x90\xbc\x9a\x36\x57\xd0\x1c\x05"
	"\x6d\x89\xd2\x1c\x6b\x3c\x96\x59\xf5\x71\x7c\x01\x6b\xc1\x0d\x8c"
	"\x69\xb0\x25\xc6\x98\x06\x3f\x3b\x68\x2a\xa2\x3e\xe6\x83\x56\x69"
	"\x3e\xfb\x06\xeb\xda\xdb\x33\x9f\x6e\x6f\xd5\x20\xa3\x37\xa3\x58"
	"\xb0\x41\x4e\xdc\xad\xc7\x1b\x35\x7b\xaf\xf6\x7f\x7d\xbe\xc3\x37"
	"\x88\x3c\x76\x1f\xef\x55\xf5\xf4\xab\xc7\x1c\x69\xe0\xde\x15\x48"
	"\xce\x86\x7a\xb7\x29\x47\xa1\xc4\x9a\x15\xe1\xf9\x74\x3c\x3c\x5f"
	"\x37\x27\x97\x6d\x68\xd0\xb1\x3b\xb7\x9e\xb4\x51\xf2\x00\x16\xd1"
	"\x24\x7b\x2c\xef\xc2\x28\xea\xfa\x37\xa2\x10\xbe\xa9\xe7\x49\x73"
	"\x4f\x36\xe1\x32\x8c\xeb\x7f\x2f\xb7\x6e\x54\x04\x6c\xfc\xb0\x50"
	"\x35\xba\x91\x9b\xd1\xa1\x22\xb2\x45\x6c\x07\x39\x27\x06\x32\x5b"
	"\x44\xef\xfc\xa1\x1d\x7c\x10\x98\x4b\xe4\xdd\xc5\xbc\x18\x80\x88"
	"\x67\x12\x03\x6a\x22\x8b\x35\x03\x84\xa1\x51\xfe\x5a\x06\xbd\x3f"
	"\x48\x11\x2c\xc2\xb1\x7b\x61\x0c\x86\x8d\x74\xd8\xba\xe6\x29\xe9"
	"\x9b\x2e\xee\xd6\x63\xcd\x7c\x33\xc4\x5e\x82\xc5\x09\x8c\xf2\xa0"
	"\x5c\xfb\x74\x61\xcc\x11\x13\x1c\x76\x09\xc8\x5f\xc7\x72\xc9\x72"
	"\xcd\x4a\x08\xea\xee\x25\x88\x0d\xa7\x49\xbc\x4b\xa2\xbb\x72\x17"
	"\x71\x39\x98\xff\xe7\xe1\x47\x86\xa6\xa3\xcf\x57\x39\x2a\xeb\x83"
	"\xd7\x0a\xe2\x18\xf4\x10\x46\x44\xe7\x9b\x32\xee\x67\x73\x45\x60"
	"\xde\x1e\xd8\xf5\xe8\x3b\xb6\xc0\x34\x7e\xeb\x2c\x78\x1c\x34\xa9"
	"\x1b\x4e\x3f\xbf\xaa\x4c\xf6\xaf\x1f\x9f\x7c\xa1\x74\x3d\x32\x4b"
	"\x46\x82\x31\xc7\xba\x1e\x91\x61\x37\x9f\x7f\xa0\x78\x08\x58\x83"
	"\x3d\xc3\xf7\x9a\x37\xb1\x3b\xf2\x15\x9a\xff\x51\x55\x01\x3e\x80"
	"\x3e\x56\x8f\x77\x3c\x9e\x61\x81\xcf\x0f\xaf\x7c\x03\xfb\x55\x3d"
	"\xfd\xa5\xae\x0b\xd8\x80\xfc\x07\x95\x55\xfc\xe7\xeb\xf1\xb9\xea"
	"\xd4\xda\x4b\x5f\xd0\xab\x77\x98\x2e\xf8\x3a\x0c\x49\xe4\xaf\x42"
	"\x26\x77\x32\x24\x9b\x8c\x4b\xcd\x97\x08\x37\xb2\xc1\xe2\x3c\x09"
	"\xc6\x8d\x28\x49\xf8\xe2\xd9\x89\x53\x05\xea\x00\x60\xdc\x34\x0b"
	"\x52\xb7\x1b\x6d\xe0\xca\xd4\x97\x14\x05\x75\xa2\x1a\xf2\x72\xe4"
	"\x5f\xb5\x3a\xed\x5f\x2b\x90\x03\xba\x9f\xd3\x99\x08\x70\x16\x71"
	"\xf3\x10\xb9\x8e\xdd\x01\xb2\xd0\x32\x2d\xfd\x06\x94\x3e\xbf\x01"
	"\x84\x04\xa5\xed\x80\x88\x4f\x82\x05\x22\x9b\x0e\x60\x4b\x44\x7d"
	"\xdd\x85\x31\x48\xa0\x54\x22\x39\x84\xba\x6d\x13\x9a\x11\xe4\x3b"
	"\x39\xfd\x3e\xc9\x42\x59\x2e\xc8\xee\xda\x02\xd7\xe5\xbb\x6b\x61"
	"\x87\x16\xef\x26\x5b\x80\x39\x5f\x74\x21\x3b\x77\x12\x12\x12\xd3"
	"\x50\xb7\x73\x14\x92\xee\xe2\x0d\x2a\x27\xb7\xf9\xde\x33\x6a\xcf"
	"\xfb\x6c\x37\x00\x14\x3e\xdc\xe0\x83\x5e\xef\xef\x75\x97\xc4\x5b"
	"\x21\xa1\xeb\x54\xd3\xcb\x84\x11\x0e\x1b\x6b\x8a\xf6\xa7\xe7\x7f"
	"\xed\x4f\x15\x97\x32\x0e\x6f\x82\x8b\x07\x07\xb1\x9a\xb5\xd9\xf1"
	"\xf3\xc4\x65\xd9\x91\xea\x8c\x57\xc9\x32\x52\xeb\x6f\xfa\x45\x69"
	"\x96\x78\x9d\xa9\x03\x1b\xbb\x88\x34\x36\xc8\x46\xdb\x2f\x2f\x83"
	"\x6d\x0e\x71\x68\xdd\x9e\xbf\xfa\x00\xb3\xe5\xe2\x44\x6d\x16\x96"
	"\xed\x92\x7d\x6c\x92\x44\xe5\x43\x92\xdd\xb9\x59\x93\x47\xb7\xab"
	"\x43\xca\x32\x37\x2f\x38\x5c\xd3\x1c\xcb\xb1\x86\x6f\xac\x2b\x60"
	"\xa9\x83\xa8\x62\xeb\x44\x58\x69\x98\xcb\x57\x16\xe8\x83\x36\xad"
	"\x7b\x3f\x6e\x0a\x6b\x1b\x47\x10\x85\xcf\x05\x40\xf3\xc2\x50\x23"
	"\x72\x2a\x3f\xa7\x07\x97\xf6\x23\xee\xc2\x4d\x2e\x17\xa9\x44\x43"
	"\x69\xd1\x4f\x53\x5b\x17\x0d\x22\x51\xad\xe1\x34\x70\x78\x9a\x09"
	"\xe2\x2c\xdd\xff\xac\x84\xb3\x43\x27\x0a\x48\x47\xb4\x81\xe7\x41"
	"\xaf\xb2\xce\x45\xc4\x8e\x28\x75\x03\x44\xce\x1a\x20\xf9\x48\x6c"
	"\x17\x0c\x6d\x66\x98\x6c\x3b\x11\x14\x93\x55\x5d\x3c\x6c\x79\xad"
	"\xb9\xeb\xcf\x8c\x01\xf0\x52\xba\xa5\x54\x32\x8f\x9a\x7a\xd0\xdb"
	"\x7b\xc0\x30\x8c\x22\x83\xd1\x12\xcb\xad\x29\x39\xac\xbc\x1e\xcf"
	"\xd5\xfb\xe9\xf8\x24\x4d\x74\x03\x1e\xb5\x90\x49\xb0\xcc\xc0\x6a"
	"\x3f\x7e\xfa\xfd\xf5\x63\xa4\x3a\x01\x39\xf9\x37\xf6\xf5\x71\xae"
	"\x5e\x67\x09\xdf\x9b\x7e\x1d\xde\x7f\x87\x43\xc3\xd3\xe1\x4f\x3e"
	"\x5c\x7e\x1f\xec\x9d\x8e\xfb\xe7\xa7\xe3\xab\xc8\xb5\x36\x9a\xde"
	"\xfd\x74\x62\xfd\x2e\xa9\x63\xa8\x8c\x8a\xd3\x5e\xaf\x92\xbc\xf7"
	"\x03\x24\xec\x74\xfc\x88\x2f\xe9\xf1\x6c\x2d\x9f\x1c\x0d\xd9\x23"
	"\xb2\x98\x95\x04\x42\x48\xac\x46\x2f\xc8\x02\x10\x24\x3a\x4b\x14"
	"\x1f\x8b\xe0\x61\x25\x69\x7b\xe9\x6f\x3b\x82\x3c\xff\x16\xd2\xbd"
	"\xde\xb5\x8a\x82\x5d\x2a\xe1\x9a\xa6\x1c\xfc\xeb\x7b\x2f\xe9\x3d"
	"\x4c\xd2\x51\x7d\x35\x64\x78\x6a\x69\x4a\xef\xf9\x22\x16\xae\xe3"
	"\x24\x0b\xc6\xb1\x1c\x5d\x22\x9a\xda\x75\xef\x68\x37\x04\x4e\x19"
	"\x16\x8a\xec\x5b\x32\x42\x5d\x0f\x5d\xf9\x72\x02\x33\xc6\x04\x02"
	"\x91\x76\xe3\xbc\x4c\xdd\x7c\x03\x6b\x3c\x1c\xee\xc2\x7e\x48\xc9"
	"\xb0\xdc\x1a\xbd\xdf\xa3\x4a\x36\x49\x9e\x46\x05\x08\x70\x5c\x24"
	"\xe2\x5f\x38\x02\xc0\xa7\xb5\xf1\x8e\x46\x44\xe6\xcb\x66\x68\xd2"
	"\x97\x37\xfa\x44\x4a\xc2\x78\xd5\x89\x87\x5a\xff\x1e\x7a\xc8\xb4"
	"\xf5\x07\xa4\xe0\x9d\xde\x3b\xb5\x35\xa4\x3b\xde\x5c\x58\xf4\x25"
	"\xdf\xdd\x3e\x4c\x45\x0c\x2b\x88\x90\x0a\x0e\x6e\x91\xff\x4f\x6d"
	"\x88\x88\x5d\x11\x7a\x0d\x60\xe2\xd8\x06\x8f\xf0\x01\x8f\xc6\xdd"
	"\xe4\x93\xb4\x17\xd7\x48\x14\x08\x47\x9c\x3a\x68\x2e\x12\x3e\xb0"
	"\x86\xf9\x29\x17\x9c\x61\x0d\x1d\xd7\x10\x86\x6e\x43\x53\x79\x72"
	"\xa5\x62\x2c\xe3\x82\x7a\x7c\x10\xb4\xce\xa2\x54\xc4\xbb\xb0\x64"
	"\x99\x8b\x24\xde\x82\x08\xfc\xb2\xcb\xd1\xa9\x38\xda\xaf\xb2\xe0"
	"\xbe\xdd\x42\x9a\x9f\xb3\xf5\x91\x2f\x3b\x6f\x03\x8d\x57\x43\x04"
	"\x26\x69\x63\xe1\xf3\x13\x4b\x40\x07\x8e\x5e\x2a\x7c\xc1\xb0\xbb"
	"\x3f\x12\x70\xdd\xe9\x32\x03\xd8\x18\x2b\x6e\xfb\xd4\x49\xe6\x7a"
	"\x46\xb1\x0e\x32\x0d\x32\x38\x77\x40\x64\x82\xc9\x16\x88\x10\xdf"
	"\x8c\x1f\x3b\x26\x91\x05\xe3\xc0\xd4\xbd\xa5\x4e\x97\xb1\x70\x3b"
	"\x4e\x0b\xd0\xf6\xf9\xe8\x2a\x89\x7b\xc9\x72\xd0\x19\x26\x94\x76"
	"\x59\xb4\x7a\xbb\x5c\xbb\x38\x17\x17\x9c\xb4\x9d\x57\x4e\x28\xc5"
	"\xc5\x3b\x44\x8e\xeb\xac\x5e\x9d\x1a\xbb\xd3\x24\xaf\xa5\x5e\xf1"
	"\x61\xc1\xdf\xe7\x27\x7e\x14\x6b\x82\x63\x4a\x6e\x94\xd4\xf0\xd2"
	"\xf5\x49\x89\xc6\x59\x69\x30\xa8\xe7\x67\x43\x87\x68\xa3\x26\x62"
	"\xeb\x68\x20\xc2\x6a\xc7\x52\x1a\x96\x34\x64\x44\x85\xcc\x72\x67"
	"\xb9\x30\x5d\x15\x84\x51\xcb\x42\x8c\xe7\x0d\xa2\x0d\x6b\x80\x5d"
	"\x65\x48\xb2\x47\x99\x10\xd5\xcd\x2b\xc8\x7f\x34\xf7\xff\x7b\x6a"
	"\xa9\x4b\x69\x49\x3c\x79\x15\xe5\xdd\x2a\x5c\x09\xd4\xf0\xc1\xf6"
	"\x9e\x21\xf2\x5c\xe3\x84\xda\x6f\x02\xc4\x49\x2b\xb8\xe8\xca\x60"
	"\x0a\x5d\x20\x46\xbf\x62\xd6\xc6\x20\x96\x4b\x91\x35\xa2\x79\x56"
	"\xa2\xcd\xc6\x6c\x4b\x1e\x75\x75\xc4\x10\xc3\x49\x86\x81\x91\x88"
	"\x6e\x69\x75\x90\x32\xcc\x64\x9a\xf9\xc8\xf9\xba\xa6\x2d\xf1\xef"
	"\xa8\x0f\x3b\x51\x69\xba\xbb\x50\xae\x05\xbb\xdb\x31\x7f\x89\x50"
	"\xc8\xf7\x3b\x5d\x43\x12\x09\x52\x7e\x6c\x35\xb1\xab\x35\xee\x62"
	"\x6e\x59\x68\x1e\x9a\x96\x8e\xdf\xa1\x72\x17\xb6\x8d\xd6\xed\xcc"
	"\x11\xa3\x0f\xa7\x2d\x2d\x44\xf5\x51\xd3\x90\x4f\xd9\x91\xb9\x86"
	"\x38\x94\x71\x9a\x6d\x20\x93\x95\xe5\x77\x8e\x89\xa5\x87\xe3\x34"
	"\xcf\xb5\xfe\x5f\x16\x3f\xc3\x46\x6d\x77\xc6\x52\xc7\x49\x98\x35"
	"\x64\x31\x5f\xe0\x26\x44\xbc\xc2\xc5\xd2\x44\xad\x8b\xce\x02\x23"
	"\x2d\x0d\xf4\xa9\x25\x72\x97\x83\x08\x65\xab\x0e\x8b\x2c\x2e\x8d"
	"\x71\x62\x3f\x5c\xba\x33\x47\x7c\x90\xc2\xd8\x85\x64\xea\x2e\x12"
	"\x72\x22\xca\x89\x31\x47\x2e\xd7\xf0\x25\x5a\xc7\x1c\x29\x81\x66"
	"\xda\xd8\xa4\x48\x4d\x03\xf1\x34\x06\xda\x1c\xf1\xb3\x8d\xdd\x62"
	"\x81\x39\x38\xe5\x21\x7c\x82\xe6\xe8\x44\x49\x36\x55\x4f\xeb\x86"
	"\x6e\x3a\x4a\xba\xc3\x34\x4b\x59\x83\xad\x33\x1b\x09\x55\x25\x10"
	"\x8c\xaf\x14\x96\x82\xec\xd8\x0e\x62\xf9\x5f\xd9\x70\xc2\xf0\xc7"
	"\x07\x54\xf7\xf5\xfd\x85\x1f\x3b\x47\x13\xc3\x31\x6d\x89\x51\xf9"
	"\x57\xf5\x2a\xc2\x08\x31\x89\xed\x35\x8f\x5c\xbe\x23\x6c\x1a\xf1"
	"\x54\xce\x2d\xee\x3d\x1a\x6e\x77\xfb\xc3\x59\x8e\xaf\x16\x6d\x0e"
	"\xcf\xad\x9f\x14\xf8\x22\xd4\xda\xdc\xcb\x39\x9a\xa5\x2d\xf1\x42"
	"\xe8\x2f\xcd\x2c\x6d\x9a\x33\x88\x21\xdf\x33\x29\xf3\x65\x62\x5f"
	"\x2f\x18\xd8\x2a\x61\x69\x36\x66\x19\xb5\x4c\x5b\x43\x49\xa8\xcb"
	"\x80\x35\x37\x74\x94\x34\xb7\x71\x12\x66\x68\xb5\xac\xa5\x91\xe1"
	"\x34\x13\xa7\x69\xe8\x97\xd9\xc6\x3c\x43\xf7\x0f\xa0\x3b\x68\x43"
	"\x17\xc8\x6a\x0e\x24\x5b\xc7\x49\x68\x5b\x14\x4b\xa7\x89\xba\x92"
	"\x38\x0e\xe2\x83\x42\x6d\xc3\x44\xe6\x32\x5f\x79\x2c\x1d\x5d\x94"
	"\x2c\x07\x19\x37\xbe\xf0\xcc\x17\x88\xe6\x1d\x68\x4b\x64\x51\xaa"
	"\x27\xe6\xe0\xae\xcb\xc5\xf5\xe6\xf9\xf3\xf5\xf5\xab\x51\xfa\xb4"
	"\x4c\xbf\x3a\x55\xff\xf3\x59\xbd\x3d\x7d\x5d\x3c\x2b\xfe\x0d\xf6"
	"\x6c\xdf\x67\xff\x48\xa3\xa8\xaf\x14\x16\x1a\xc0\xfd\xf9\x78\xfa"
	"\x87\x7f\xf8\x38\x9f\x0e\x7f\x7c\x82\x31\x67\xe0\x88\x31\xb8\x51"
	"\x50\xbb\xef\xfe\xda\x7f\x54\xdf\x22\x5e\x47\xf5\x3c\x8b\x8e\xc7"
	"\xf7\xd9\x6f\xbc\xf2\xdf\x67\x7f\x5e\x5e\xfe\xd1\x79\x79\xbf\xc2"
	"\xd5\xdc\x94\x6c\xc9\xff\x89\xff\x06\x3a\x6d\x80\x8a\xdd\x03\x68"
	"\xa9\xb6\xca\x73\x08\x9d\xab\xbb\x8c\xcd\x2d\x4c\x78\x5c\xeb\xc8"
	"\x73\x8d\xf8\xb7\x7e\xcc\x12\x85\xf4\x17\xe6\x6b\xd3\x90\xf8\x25"
	"\x6d\xaa\xfd\xcb\xf9\x57\x67\x2d\x6d\x4b\x4f\xe7\x59\xb6\x3f\x57"
	"\x33\x7a\x7c\x3b\x9c\x87\x5d\xb4\x0a\xe6\x73\x8c\xe3\x05\x6d\x8e"
	"\x31\xaf\xa9\xe9\xb2\x56\x7c\xbe\x1e\x9e\x0f\xe7\x2f\xe9\x78\x50"
	"\xc3\x44\x36\x1c\x7f\x93\x23\x86\xa1\x8d\x0f\x22\x86\x7c\x7f\xde"
	"\xe4\x05\x32\x81\x58\xb8\xc0\xc4\x43\x20\x19\xe3\x86\x87\x9c\xb7"
	"\xcf\x70\x93\xf4\xb5\xda\x7f\x7c\x9e\xaa\xd7\xea\xed\x3c\xfb\xe4"
	"\x3d\x26\x61\xa9\xb9\xa6\x62\x9a\x39\x7a\xa2\x08\xf9\xc8\xa3\x22"
	"\x76\x43\xc6\x56\xc8\x3b\xba\x43\x96\xba\x30\xde\x96\x34\x2d\x6c"
	"\xcd\xc2\x2b\xef\x62\x06\x6f\x50\xfb\x21\xb9\xfe\x77\xbf\x64\x26"
	"\x32\x38\x6e\x64\x42\xba\x52\x39\x2d\xf5\xd9\x12\x0b\x05\x20\x88"
	"\x58\x1e\x4a\x6f\xa3\x63\x2e\x33\x40\x42\xba\x97\x50\xd3\xd0\x91"
	"\x1b\x19\x40\x43\x56\x68\x4e\x32\x11\xb9\x97\x93\x6c\x1b\x39\x9c"
	"\xac\x53\xc3\x4d\x39\x1f\xb9\x9a\x26\x8f\x3b\x28\x7c\xb2\x74\x64"
	"\x0d\xff\xce\x5c\x2e\xdf\x21\xde\xf1\x69\xa6\xa1\xf7\xe4\xf3\x0c"
	"\xbb\xe2\xce\x67\x24\x9f\xad\x48\x77\x27\x69\xce\x47\x42\xfe\x60"
	"\xca\x9b\x62\x68\x28\x99\x85\xba\x3e\x47\x0f\x53\xa6\x89\xb8\x4c"
	"\xe4\x84\x99\x73\xc4\x5c\x2d\x68\xc8\x3d\xb8\x56\x1b\x29\xbc\xd6"
	"\x6c\xd4\x6b\x6d\x6e\x99\x58\x00\x26\x4b\x77\x0c\xb9\xc6\x70\x4b"
	"\xe2\x08\xed\xa2\x6d\x40\x23\x5b\x5b\x8c\x17\x06\xba\xff\xf9\x56"
	"\x9d\x6b\xe5\x81\x74\x86\xdc\xa1\xa9\x50\x05\x09\x11\x5d\xee\xb4"
	"\xe5\x12\x99\x55\x8d\x7e\x81\xba\xeb\x58\xb1\x5a\x5c\x31\xe8\xa1"
	"\xdc\x5d\x9b\x3a\x1e\xd6\xc4\xb4\x30\xd7\xd7\x66\x23\x12\x95\xe3"
	"\x1b\x51\x3b\x54\x1b\x4a\x2c\x7e\xa2\xc3\x73\xd8\x0e\x70\xb2\xf5"
	"\x27\x7c\x7b\x7a\x39\xbc\x8d\x3a\xf9\x36\x27\x3b\x68\xae\xd0\xd0"
	"\x66\x45\x9a\xcb\xb4\x40\xfd\x0f\x03\x23\x00\xaa\x2b\x6a\x05\x8b"
	"\xf7\xe3\x99\x6f\x00\x07\x89\xce\x88\x1f\x9b\xb0\xdb\x78\x20\xd2"
	"\xcd\x91\xf3\x35\x88\x6d\xba\x89\x8b\x7b\x18\x43\xe7\x69\xc4\x37"
	"\x5a\xc9\x95\xa8\x53\xf5\x01\xfb\x94\x8c\x25\x3d\x9a\x62\x51\x17"
	"\x37\x29\xd6\xf6\x34\xd2\x75\x85\x02\xa8\x26\xa3\xac\x96\x46\x9c"
	"\xd5\x10\x81\x95\x59\x36\xc2\xe9\x40\x42\xf2\x39\x37\x3c\x28\x42"
	"\x16\xcb\x3b\xc6\xc2\x04\x97\x4d\x6a\x68\xb6\xfc\x33\x7e\xa4\x2e"
	"\xdf\x08\x6c\xf9\xfe\xf7\x06\x5e\x4b\xb2\x19\xce\xcc\x65\x5f\x61"
	"\xd1\x8c\xc0\xf1\xef\xc3\x2b\x22\xeb\x44\xa1\xef\x66\x90\xaf\x2d"
	"\x18\x5c\x3d\xb9\x4e\x8b\xdd\xd2\x92\x08\x50\x79\xf5\xfa\x0e\x52"
	"\x36\x32\xb4\x9c\xc5\x42\x5a\x8a\x08\xcd\x09\x49\x0a\x2c\x27\x04"
	"\x8d\x76\x4b\xcd\xc6\xd6\x5f\x9a\x6a\x88\x76\x32\xe7\xb3\x03\xd9"
	"\x08\x04\x09\x59\x59\xe3\x5c\x7e\xeb\x60\x4b\x83\x52\xee\x38\x97"
	"\x3e\xd0\x6e\x6c\x2d\x7a\xb1\xcd\x5d\xf7\x25\x5e\x08\x6e\x1b\xab"
	"\x5c\x6e\x77\x02\xba\x88\xc8\xe2\x58\xf2\xfa\xc7\x96\xec\x30\xbb"
	"\x07\x2b\x76\xdf\xce\xd1\xcb\xfb\xda\x14\x88\xb0\x56\x71\xf6\x4f"
	"\x7d\x58\xbe\x35\xe8\x18\xbc\xe5\x6b\x5f\xde\x6b\xbb\x88\x20\x38"
	"\xfc\xf2\xda\xfe\xbe\x3f\x9f\x21\xa2\xda\xc8\xf4\x7e\x49\xcb\x3c"
	"\x6c\xf4\x80\x50\x1b\x5b\xaf\x53\x7d\x40\x85\x10\xe1\x7c\xde\x3c"
	"\x62\x4e\x67\x1b\x37\x13\x41\x2c\x50\xcf\xd7\x16\xc1\x7b\x60\xb1"
	"\x58\x68\xb2\xbe\x6d\x21\xd0\xfb\x73\xdb\xe9\x58\xb2\x1b\x42\x13"
	"\xa0\x04\x25\x94\x7e\x98\xf5\x5c\x05\x84\xf1\x79\xf8\x8c\x1b\x11"
	"\xe1\xd4\x52\xe6\x49\xb9\x2a\xa2\x5e\x9e\x15\x11\x17\xaf\xae\x36"
	"\x8c\x65\x11\xe0\x58\x1e\xa4\x17\x7a\xc7\x84\x24\xac\xa0\xa2\xba"
	"\xd2\x7b\x04\xdb\x65\xe7\x62\x9a\x68\x54\xf7\xa1\xab\x54\x91\xfa"
	"\x10\x97\xa5\xed\x6c\x48\x1c\x86\x1c\x99\x48\x49\x8a\x2c\x13\x66"
	"\xf3\x2c\x11\xef\xc8\x03\x2a\xb3\x54\xb7\x75\x91\x90\xf5\xdc\x21"
	"\x08\xe3\xc7\x9d\xf2\x7b\x1a\xf3\xdf\x24\x48\xa5\xb6\x32\x78\x4b"
	"\x3b\x4c\x89\xdf\x8f\xeb\xd6\xf2\x01\x18\xfa\x07\xe6\xe2\xab\x0d"
	"\x29\x2e\x93\x24\xc5\xe2\x0e\x06\x65\x9a\xac\x13\x44\xe2\x03\xf7"
	"\x04\xb4\x5e\xb8\xe7\x15\x44\x2b\x48\xd4\xa3\x18\x9a\xf6\xcb\x45"
	"\x6a\x35\x5e\x1f\x71\xfb\xb9\x9a\x82\xb8\xd3\x3b\xe3\x4e\xb8\xde"
	"\x93\xdb\x88\x6c\xec\x59\x98\x6f\xa8\xe2\x35\xe3\xf4\x49\x0d\x13"
	"\xf0\x7e\xa6\xee\x65\xb8\x4b\x2f\x80\xc6\x74\xc2\x65\x16\x59\x3f"
	"\x7b\x2a\xdf\x8a\xc0\x78\xd9\x22\x78\x1f\x6e\x83\x0c\x4d\x69\xb3"
	"\x2a\x82\x68\xed\x16\x90\x49\x0b\x9d\x6b\x57\x8c\x62\xb6\x5d\x41"
	"\xa3\x29\x32\x22\x09\x66\x13\xbe\x86\x41\xac\x82\xf1\xbe\x21\x6e"
	"\x5a\x46\x59\xcf\x87\x70\x8c\x03\x66\xd0\x35\x1a\x46\x51\x98\x6c"
	"\x28\xe2\x70\x5d\xe7\xcd\x00\xe7\xff\x8d\x1a\xd1\xf2\xec\x26\x5c"
	"\x6f\xca\x6d\x12\xe5\x98\xb5\xfe\xf2\x44\x9c\x94\x9b\xed\x6d\x95"
	"\xd2\x15\x51\x03\x57\x61\x46\x1f\x5c\x18\x61\x31\x99\xd5\xe0\x7c"
	"\x87\x73\xf9\x70\xc9\xa5\x9b\xff\xa3\xec\xca\x9a\xe3\xb6\x95\xf5"
	"\x5f\x51\xf9\xe9\xde\xaa\x93\x44\xb3\x4a\x4a\x95\x1f\x40\x12\x9c"
	"\x41\x86\x9b\xb8\xcc\xa2\x17\x96\x2c\x8f\x6d\xdd\xd8\x92\x4b\xcb"
	"\x39\xce\xbf\x3f\x68\x80\xe4\x60\x6b\x70\x6e\x2a\x2e\x7b\xd0\x1f"
	"\xb1\x2f\x8d\x46\x2f\xd5\x59\xb8\xa8\x38\x0f\x16\x7a\x26\x73\xb5"
	"\xa3\x7c\x2c\xf4\xcd\xc9\xa4\x79\xd7\xa0\xf5\x95\xba\x0a\x45\x58"
	"\x38\xfe\x15\x16\x41\xca\xf9\x4d\x30\x75\x3d\x13\x27\x15\x6b\x59"
	"\x5c\xa4\x2c\x74\xcf\x30\x78\x92\xb9\xba\x44\x6c\xc8\x2d\xd8\xf5"
	"\x59\x30\xcc\xcc\x46\x5f\x65\xd7\xc8\x6d\xdf\x84\xcd\xcf\x83\xcd"
	"\xce\x83\x21\xb6\x50\x26\x6c\x79\xce\x0e\xb0\xc4\x97\xf6\x52\x2c"
	"\xd9\x45\xbf\x62\xb5\x83\xa5\x3f\x83\xd3\x00\x73\x33\xd8\x43\x82"
	"\xdb\xe9\x7c\xb2\xb8\x1a\xc7\x20\x62\x74\x15\x83\x09\x49\x35\x3e"
	"\x03\x1b\x13\x1d\x34\x3f\x07\x34\x3b\x07\x84\x8c\x86\x0e\x5a\x2e"
	"\xfc\x2c\x14\xb9\x99\x2c\x7c\xec\x91\x35\x58\x03\x97\xb3\x54\xc7"
	"\xc5\xda\xc9\x82\xdb\xc5\x64\x8a\x08\x80\x2c\x70\x71\x83\x69\x29"
	"\x58\x50\x5e\x36\xdb\x21\x57\x26\xd7\x76\xda\x7d\x30\x3f\x73\x53"
	"\x87\x80\x53\x63\x7b\x30\x93\x4e\x70\x11\x45\xb2\xce\x1b\xef\x7a"
	"\xdb\x86\x75\xe9\xd6\xac\x10\x4c\xe1\xae\x10\x06\xeb\x05\x1a\x09"
	"\x87\xdf\x19\x69\xdd\xf3\x60\x09\x02\x8a\x1d\xa1\x6f\x21\x64\x49"
	"\xf5\xfe\xe9\x55\x28\xd3\x9e\x78\xf3\x2e\x46\x1f\x44\x34\xd1\x18"
	"\x82\xf5\x61\x50\x38\x64\x05\x6b\xb7\x2c\xa2\x2e\x5f\x69\x27\x9c"
	"\xd0\x6d\x02\xac\x32\x29\x4e\x99\x74\x06\xf1\xa6\xef\x32\x40\x14"
	"\x7b\xd2\x4e\xaf\xb3\x54\x04\x79\x71\x5f\x87\x54\x14\x67\x51\xa6"
	"\x28\xaa\x2f\xad\xb0\x2b\x7c\xda\xe9\xc3\xb4\xdd\xe4\x19\x11\x39"
	"\x99\x91\x5c\xac\xbc\x16\x00\x8b\xca\xc8\xd9\x2a\x0f\x49\xe8\x94"
	"\xa9\x1a\x99\x7a\xf5\x9c\xe4\xfe\x98\x14\x5c\x98\x1e\x7c\x11\xc8"
	"\xc2\x40\xc4\xdd\x74\x98\x2e\x9c\xeb\x41\x24\x30\xf6\x83\x6e\x71"
	"\x7c\x01\x9f\x33\xc2\xa8\xf7\x87\x7c\x3b\xb1\x8d\xfb\xe1\x0e\xa8"
	"\xa9\x08\x97\x44\xbb\x09\xd6\xeb\x26\x8b\x68\x19\x70\x6e\xe7\x0c"
	"\x63\x4c\x33\xec\x4a\x6f\x03\x18\x30\xc8\x84\x5f\x2b\x43\x94\xd6"
	"\xfb\xec\xf8\xf0\xe9\x11\x3c\x0e\xfe\xeb\xdb\x7f\xba\x7f\xfc\xfb"
	"\xe9\xb3\xfc\xd7\x07\xdb\xc6\xf2\x94\xaf\x60\x1a\x50\x63\xc9\x84"
	"\x05\xd9\x36\x62\x48\x58\xb6\x8c\x5f\xf3\x91\x25\x8d\xdc\xdd\xa5"
	"\xd7\x8e\xda\x76\x90\x0b\x36\x86\x60\xd5\xf6\xe5\xf1\xeb\xfb\xcb"
	"\xbd\x30\x54\x77\xd8\x17\x08\x94\x3d\x21\xeb\x92\x84\xd4\x56\xf1"
	"\xaf\x53\x97\xde\x6e\xa7\x95\x8b\x12\x84\x8a\x6e\xc5\xd9\xa1\xcd"
	"\xc7\x39\x06\x61\xe5\x2d\x4f\x63\x9e\x4c\x7a\x84\xa6\x1f\x6c\xaa"
	"\x32\x6b\xe8\x2e\xc8\x69\x84\xab\xd3\x9c\x6a\xe8\x30\x10\x1a\x88"
	"\x2e\xbd\xf5\x81\x68\xea\x55\xea\xd4\x28\xc5\x69\xeb\xb2\x37\xe8"
	"\x41\x5b\x51\x3a\x03\x68\x3a\x50\xd2\xd5\x2d\x5e\x96\x53\x85\x7d"
	"\xa0\x0a\x19\x18\x49\x3c\x7d\x3f\x0d\x71\x62\x55\x30\x4f\xdf\x81"
	"\x93\x4c\xcb\x8a\xc0\x44\xed\xf8\x25\x6a\x1d\xe5\xdd\x71\xe3\x99"
	"\x48\x7c\x4b\x58\x43\x6c\x4a\x5f\xa7\xa5\x2c\x63\x29\xbb\xa3\x11"
	"\xa6\xe4\x3d\xe8\xe3\xf3\xd2\xc0\xe7\xa9\x43\x53\xbf\xa3\xb4\x05"
	"\x78\x72\x54\xd5\xdf\x21\x01\x14\x98\x85\x06\xfb\xc2\xaa\xc4\xe9"
	"\xcb\x94\xf0\x95\xc9\xff\x80\x65\x83\x7f\x1c\xbb\xe8\xb6\x72\x8f"
	"\x76\x69\xed\x9b\x80\x53\x80\x66\x47\x37\x9c\x6a\x40\x91\x1d\xa3"
	"\xef\xaf\x90\x64\xd3\x88\x73\x10\x52\x5e\xe8\xa8\xdf\x96\x55\xa0"
	"\x2a\x6f\x99\x50\xf4\xbb\x81\x6a\x3f\xc4\x7f\x80\x91\xe6\xc7\xa9"
	"\xa5\xb3\x0f\x15\xb2\x47\x14\x52\xa5\xfc\x4d\xee\x46\x21\x3f\x8b"
	"\x1d\x01\x9c\xa9\x08\x35\xad\x48\xb2\xd4\xc0\xd3\x1a\x4b\x0e\x04"
	"\xce\x65\xa5\x97\x08\x5b\xa6\x00\x9c\x9c\x66\x47\x36\x04\x67\xa7"
	"\xd4\xa5\x55\x9a\x4b\xd0\xa0\x23\x48\x22\x42\x77\xd7\x14\x9b\x89"
	"\x45\x04\xac\x50\x34\xbb\xb4\x32\x07\xfb\xff\xb6\x28\x9c\x86\xd2"
	"\xdd\xf5\x44\x7c\x5c\xc3\x6d\x35\x1b\x8c\x6a\xcb\x63\xe7\xee\x99"
	"\xf5\x26\x49\x4a\xaf\x2a\x4c\x9d\x74\xef\x83\xcf\xc9\xa0\xae\x9c"
	"\xa6\x30\x5a\x7a\x5d\x36\x55\x9d\xc3\xfa\xae\x29\x45\x92\x85\xbd"
	"\x9a\x76\x8a\x6b\x54\x2c\xea\x84\x82\x82\x7f\xf1\xb5\xdc\x30\x67"
	"\x09\x03\x15\x4c\xe1\x83\x84\x88\xae\x50\x0d\xa2\xc1\x1e\xa5\x33"
	"\xbe\x29\x91\x60\xa3\x27\x14\xdf\xa5\x78\x76\x25\x98\xf0\x8d\x20"
	"\x87\x40\x6a\x60\x99\x25\xcf\x19\xac\x19\xb2\x7a\x75\xde\x84\x6b"
	"\x87\x59\xc9\xaa\x89\x3a\x67\x4b\xed\x6d\x9b\x90\x26\x0b\xd7\x98"
	"\x9c\x81\x77\x18\x62\x37\x4f\xf7\xca\xf2\x84\x84\x61\xc3\xd5\xcc"
	"\xca\x39\x33\xfe\xe5\xf5\x22\x3e\x8a\x27\x11\xc5\xb5\x18\xf8\x42"
	"\x33\x65\xe5\x90\x8b\x11\x1b\x9e\x33\xb2\x79\x1c\xc3\x06\x7d\x35"
	"\x9b\x5f\x2e\x6e\x96\x3d\x61\x17\xaa\x84\xe5\x64\x08\x81\x17\xa7"
	"\x69\x2b\xa2\x66\x74\xe4\x4b\xdd\x56\x9d\x6f\xe4\xc3\x62\xb6\x7d"
	"\x77\x74\x95\xae\xb3\x8b\xe0\xfd\xf1\xfb\x67\xcc\xe0\x9d\xef\x83"
	"\xb5\xa1\xa2\x6f\x7d\x5f\x15\x0e\x23\xfc\x8e\xfb\x2d\xca\x3c\x6a"
	"\xf8\x28\x56\xf2\x39\xc3\xfc\x56\x3a\xe5\x12\xee\xd3\xb7\x75\x75"
	"\xf1\x76\x7c\x7d\x33\x6b\xc0\xd3\x2d\xe7\x18\x0a\x19\x0c\xf7\xda"
	"\x8a\x65\x1b\xf5\xb9\x63\xa5\x7a\xbd\x10\x3f\x39\x0f\xd2\x88\xc9"
	"\x97\x35\xe9\x29\x88\xa0\xf0\x8a\x70\xa8\x1a\xab\x6a\xe9\xf3\xa7"
	"\xc7\xef\xc7\x2e\xba\x4c\x7a\xff\x74\xff\x55\xea\xd9\x38\x9d\x0d"
	"\xa8\x87\xbf\xa8\x92\x6e\x36\x37\x24\x75\xd7\xbd\x92\x92\x4a\x65"
	"\xf4\x4e\x74\x3e\xd1\x4a\x62\x1c\x89\x27\xea\x7a\x67\x4e\x99\x13"
	"\x4d\x6c\x68\x60\x8e\xad\x45\x8b\x3a\xd1\x65\x2f\x35\x69\x4a\xca"
	"\x83\x8b\x9e\x80\x80\x6c\x93\x56\x2b\x63\x7d\x77\xe4\xa2\x48\x75"
	"\xbf\xe4\x16\x02\xc2\xc4\xe8\x96\x69\x4a\xc5\x59\x85\xd2\x12\xce"
	"\x4c\xd4\xc2\x41\xba\xc1\x14\x2b\x6d\xdb\xc2\x0d\xa0\xc9\x32\x0a"
	"\xa6\xd5\xbc\x01\xc0\x3f\x17\x2e\x64\xcc\xca\x53\x33\xec\x3e\xa8"
	"\x49\xb5\x71\x11\xf8\x0c\xe0\xfc\x6c\xf7\x99\x36\x0d\xf8\x0d\xfb"
	"\xfe\xe9\xe2\xf3\xf1\xd3\xfb\xd7\x8b\x2f\xc3\xc2\x76\x74\x50\x13"
	"\x54\x24\x43\x17\xc9\xdf\xf7\x67\x66\xb3\x21\x95\x33\xc0\x35\x20"
	"\x60\xcb\x01\xaf\x2d\xc8\x08\xed\xa2\xda\x3b\x40\x6b\x16\xb1\x6c"
	"\xe5\x9e\x75\xf0\x72\x21\x78\x11\x71\x8b\xf8\x07\x19\x5d\x71\x3d"
	"\x10\x1c\xa7\xb3\x13\xf3\xb8\x06\x1e\x13\x2a\xa2\xd3\xc1\xcc\xc8"
	"\xb1\xf4\x93\xe7\xaf\xc2\xbf\xda\x69\x49\x99\x88\x8c\x44\xee\x05"
	"\xc7\x09\x7a\x11\x3c\x01\xac\x32\x21\xd0\xaa\x58\x22\xb0\xc6\x22"
	"\xe0\xff\x3f\x4e\x2e\xb5\xb5\xde\xc7\x51\xa2\xe0\x64\xa4\xcb\x47"
	"\xeb\x4d\xc8\x29\x20\x09\x58\xc7\x95\xd8\x21\x25\x40\xeb\x22\xf5"
	"\xd2\x89\x33\x0e\xab\x5a\x89\x6d\x55\xbb\x4a\xe7\x0b\xc5\x9b\xf1"
	"\xde\x4b\x0d\x8a\x2e\xb0\x8b\xb5\xed\x6b\xd0\xf5\x6d\xea\xb0\x53"
	"\x92\x1a\x06\xdd\xb8\xac\x8f\xf7\xff\xfe\xe7\xa2\xbe\x7f\xfd\xfb"
	"\x22\xfc\xf9\x8e\x9d\x0f\x6b\x4a\xb6\x7c\x41\xf2\x95\x65\x86\x2e"
	"\x90\xfe\xc7\xfa\xf3\xc7\xe2\x3e\x45\xe8\x57\xfb\xc9\x4b\xee\xa7"
	"\xae\x2d\x94\xa7\x06\x6c\x05\x2f\x9a\x7a\x7a\x1f\x5e\x59\xb3\x77"
	"\x3c\x25\xbb\x2c\xbc\x2a\x22\x3c\xef\x28\x5f\x0e\xca\x72\xc2\x80"
	"\xfb\x17\xfc\xa7\xb1\x11\x32\x7d\x7e\x85\xd8\x31\x28\xf4\xc9\x08"
	"\x60\x36\x46\x9f\x38\x6a\x3c\x90\xaf\x66\x6a\xe3\xa5\xba\x92\x61"
	"\x2c\x3c\x24\x57\x85\x33\xb1\x0d\x82\xc8\x15\x01\x01\x48\xa0\x79"
	"\x89\xc5\xf5\x56\x71\x2c\x4c\xa7\x9c\x13\x39\x0b\x08\x82\xf5\x45"
	"\x3a\x8a\x0c\x52\x76\xb9\xb8\x1e\x85\x6d\x96\x51\x35\xab\x4b\x8f"
	"\x79\x30\xa0\x92\x2a\xe5\xb8\x04\x6b\xa6\x4f\xa7\x4d\xc5\x1d\x48"
	"\x85\x85\x19\xb2\x60\x57\xe7\xc1\x6e\x46\x6a\x0e\xaa\x6c\xb4\x66"
	"\x61\xe7\x5b\xc5\xdf\x82\xf1\xee\x12\x4a\xa3\xe3\xc3\xc4\x2f\x5b"
	"\xd7\xd7\x37\xe7\x03\xc7\xbb\x2e\x29\xaa\xe9\x62\x3d\x36\x4c\x1c"
	"\x34\x5d\x63\x6d\xac\xd6\x75\x38\x5e\x50\x55\xa7\xb3\x69\x3c\xbf"
	"\x9c\x8c\x94\x35\xd8\xc3\xb8\x17\x45\x9a\x07\x86\x73\x17\x6d\x1a"
	"\x97\x6e\x41\x17\x74\x07\xb8\x3c\x57\xa4\x66\x57\x7c\x67\xb9\x34"
	"\x73\x11\x99\x70\x56\x78\xcf\xd2\xfa\x00\x2f\x92\xed\x8e\x65\x51"
	"\xbe\x13\x31\x09\x47\x9b\x58\xa7\xd1\x0c\x33\xb2\x30\x70\xf3\x1b"
	"\xe7\xfd\xdb\x46\x2d\xb1\xa6\x4a\xf2\xfc\xcc\xc2\x66\x67\xe0\x56"
	"\xb3\x9b\x9b\x5f\xe7\xcd\xd4\xf1\xec\xa0\x13\x79\x42\x5d\x23\xda"
	"\x34\x26\x14\x18\x63\x70\x5a\xc1\xaf\x23\x58\x8b\x05\xae\xbb\xe7"
	"\x84\xce\x90\xc0\xda\x9c\x15\xd2\x9f\x92\x8a\x23\x3c\x69\xf6\x58"
	"\xae\x49\x27\xa7\xda\xb7\x2b\x90\x53\x4d\x83\x43\x4d\xcf\xca\x3a"
	"\xcc\x93\xbc\x64\x91\x7b\x9a\xb2\x12\x0e\x40\x31\x83\x64\x20\x1d"
	"\x1b\x26\x03\xc3\x26\xb4\x5d\x89\xf8\x6e\x30\xc3\xd0\x15\xb6\xbf"
	"\x99\x21\xfa\x75\x03\x8c\x43\xc6\xf6\x79\x01\x11\xe2\xa4\x29\x67"
	"\xaa\xc2\xf5\x28\x5a\xdf\x68\x5c\xcd\x1c\x94\x64\x85\x8d\x89\x24"
	"\xb9\x7b\x64\xcd\x19\x08\xa1\x26\xb2\x36\xb4\x0d\x54\xd0\x36\xa9"
	"\xc7\x97\x59\x96\x07\x09\x3d\x07\x78\x47\xb3\x73\x60\x49\x13\x6e"
	"\x0e\xa3\xa8\x55\x89\x39\x4d\x50\x51\x11\xb8\x9e\x3a\x23\x2f\x4c"
	"\xc9\x47\xdf\x31\x49\x39\xbe\x1c\xcb\x7c\x97\x8d\xa2\xd6\x84\xf2"
	"\x7e\x3f\xa3\x27\x56\xce\xb9\x2f\xf6\xdd\x5a\xcc\xe5\x24\x09\x8c"
	"\xbb\x87\xb2\x85\x80\x00\x9d\x55\x06\x8f\x07\x94\x92\xae\x98\xb8"
	"\xd5\x97\x3b\x24\xff\x41\x92\xd4\x9f\xab\xa0\x0b\x15\x27\xf9\xce"
	"\x35\x55\xc8\xcd\xb2\x9e\xed\xfd\x0b\xa2\xc3\xf0\x0d\x3c\x66\x67"
	"\x01\xa7\x23\x0b\x42\xcd\xd0\x04\x9b\x9e\x4f\x76\xed\x96\xf2\x73"
	"\xc3\xb1\x14\xfa\x5c\xc2\x12\x54\xee\xa8\xab\x2b\x05\x64\xb9\x60"
	"\xb1\xab\xe9\xc2\xa9\x55\xdd\xe2\xba\x7c\xda\x72\x0a\xb3\x64\xb6"
	"\xbc\x9e\x4c\xd0\x3d\x75\x55\x4b\x27\x24\x33\x5f\x4e\xd2\xc7\xa4"
	"\xf6\x94\x0b\x8c\x6e\xcd\x8f\x48\x5b\x82\x6a\xc1\x20\x10\x08\x2a"
	"\x68\xed\x41\x55\xc1\x3a\x90\xa3\xa6\xde\x61\x41\x0d\x76\x07\x5f"
	"\xc6\x3d\x6b\x8b\xea\x9a\x5b\x48\xbf\x21\xc9\x19\xa7\x7c\xc7\xf6"
	"\xf9\xcd\x17\x56\x25\x03\x8d\xd2\x0d\x68\x3a\x24\x2c\x3c\x6b\xf2"
	"\x55\x4d\xe0\xc1\x0d\xb0\x24\xe2\x9b\xf1\x9a\x8c\xf4\x4c\x8f\xf6"
	"\x4d\x82\xfa\x4e\x15\x23\xc0\x2f\x71\x80\x0c\xb2\x67\x4d\xa8\x0d"
	"\xd4\x2e\x9a\x9d\x6b\x3e\x15\x0d\x3c\x8e\xb0\xf8\xd0\x4b\x19\x5e"
	"\x3b\x19\x42\xff\x30\x0e\xef\xe2\x42\x86\xf7\x72\xba\x7f\x6e\xc0"
	"\x0f\x4e\x7a\xf2\xd2\x12\x3f\xbe\xfc\x10\xfe\x06\x9d\xfe\x67\x8a"
	"\x2a\x64\x7c\xf9\x69\x2a\x62\xbd\x9a\x5e\x4a\xd3\x14\x79\xad\xe7"
	"\x0b\x36\x8c\x57\xe8\x13\x90\x70\xe8\x29\x9d\xb0\x85\xa1\x1e\x33"
	"\x9a\x56\xc2\xbb\x8a\x5b\x79\x37\x74\x18\xa6\xc4\x20\xaf\x94\xfa"
	"\x20\x6a\x5c\x8b\x90\xf0\xdd\x00\x3c\x0d\x46\x9d\x6b\x42\xe5\x51"
	"\xa9\x3f\x64\x19\x28\x99\x76\x71\x0f\x4e\xce\x5b\xa6\xad\xee\x82"
	"\x4a\x24\xb4\x7b\x52\xd7\xc6\xa3\xaa\x24\x80\xd3\x48\xce\x6e\x85"
	"\x89\xf3\xd9\x43\x62\x84\x80\x9f\xd5\x07\x2d\xdb\x59\xab\xab\xd3"
	"\x77\x49\x63\x19\xce\xd0\x0c\xe7\x66\xc5\xe7\x5a\x76\x36\x09\xc9"
	"\x85\x66\x61\x79\x28\x4c\x67\x5a\xf2\x13\x8d\xa6\x56\x7d\x8e\x3e"
	"\xba\xfc\x15\x44\x9a\x42\x3c\xfc\x46\xc1\xe0\x65\x2c\x10\x63\xa7"
	"\x85\x67\xa1\xac\xe2\xb3\x96\x1f\x04\xee\xbd\xeb\x2f\x9c\xb4\xc7"
	"\x49\xab\xb8\x9a\x62\xb4\x3c\xf4\x10\x83\xda\x53\x97\x8c\x25\xf6"
	"\xa7\x7d\xeb\xa6\xe2\x3b\x45\x3b\x10\x12\x84\x4b\x6a\x2b\x55\x99"
	"\x73\x46\xb2\x63\x44\x7b\x92\x3d\xa2\x5d\x09\x25\x0b\xeb\x16\xc4"
	"\x95\xea\xa0\xf6\x5f\xb9\x07\x55\x52\x45\x24\x4d\x96\xfd\x25\xbd"
	"\xab\x61\x6d\x12\x72\x5a\xf9\x24\x53\x74\xcf\xd8\x95\xed\x90\x2a"
	"\x86\x00\xbc\x7b\xf7\xa8\x3b\xa7\x29\x70\x30\xe6\x22\x91\x69\x43"
	"\x69\xce\x6e\x66\xe0\xd1\x92\xd3\x35\xc1\x2f\xf8\x29\x03\xa9\xd7"
	"\x01\xa1\x9b\x1d\x31\x24\x0b\x61\x9d\xd2\xa5\x91\x99\xc0\x64\x82"
	"\xf0\x05\xa6\xb5\x97\x48\x82\xa3\x8a\xb7\x4d\xae\xca\xf3\xc4\xcf"
	"\x96\x33\x6a\x10\xfb\x56\x7b\x88\x3f\xc5\x23\xc9\xea\x0e\xc6\x37"
	"\xdf\xcc\xe0\xf9\x25\x01\x5b\x54\x92\x5a\x97\x54\x5b\x54\xb7\x71"
	"\x5a\xb7\x5b\x97\xf8\x40\x52\xa6\x46\xf5\xc2\x5a\x19\x1b\xb8\x5e"
	"\xc6\x95\xbe\xe3\xc4\x70\x90\xe9\xc3\x15\xf2\x24\xa7\xbe\x6c\x45"
	"\x4f\x32\xe9\x5a\x7b\x22\x01\x3e\x35\x21\x07\x99\x51\x17\xda\xe2"
	"\xe1\xdb\x51\x13\xc0\xc6\x95\xd8\x22\x6c\x7f\x25\xd1\x6f\x65\x9e"
	"\xfe\x11\x6d\x23\x71\x2c\x9c\x4e\x05\xc5\xe8\x37\xbf\x59\x2e\x2f"
	"\xb1\xc5\xdb\x44\xb1\x41\x92\x36\x87\x79\xf5\x47\x4c\xea\x3f\xb2"
	"\xda\xc8\x77\x18\x68\x7d\x01\xa7\x55\x94\xeb\x0b\x7d\x6b\x42\xe0"
	"\x77\x1f\xa8\x36\xcc\x23\x5a\x90\x15\xfd\x38\x9f\x5d\xb9\xe8\x2c"
	"\x07\x1d\x4e\x78\xe9\xfc\xf0\xf8\xfa\x7c\x7d\xbd\xb8\xf9\x6d\xf2"
	"\x41\x9d\x66\x27\x68\x53\xc7\xd7\xae\x0e\xe7\x10\x08\x95\x03\x0f"
	"\x05\xe6\xae\x62\x92\x40\xd1\x8c\x65\xcd\xbe\x4d\x48\x40\x93\x8f"
	"\x1f\xde\xff\x7c\xfe\xf4\x7f\xc7\x87\xb7\xf6\xe5\xcf\xd7\xcf\x0f"
	"\xf7\x2f\x9f\xdb\xe3\xaf\xb7\xe3\xcb\xd3\xfd\xf7\x3f\x5f\x4f\xe1"
	"\x54\x21\x1b\x64\x44\x81\xd4\x08\xcb\x0c\x85\x37\x8f\xcc\x0e\x91"
	"\x29\x11\xe5\x63\x0f\x3a\x36\x14\xe6\x33\xaf\x96\xa6\x93\x23\x31"
	"\x7d\x31\x9c\x2c\x4e\x6f\x17\x6b\x14\x8d\xf5\xaf\x8e\x50\x7a\xf8"
	"\xfd\xed\xcb\xf5\x07\xb3\x48\x71\xb3\x68\xf9\x8d\x1c\x3a\x08\x2d"
	"\x8f\x24\x8c\x5f\xb6\x78\xe5\xa1\xb0\x76\xc7\x37\x62\x6a\xd7\x5e"
	"\xeb\x6b\x34\x2b\xa4\x2b\xfb\x5a\x1b\x1b\x6b\x97\x1c\x80\x7b\x5d"
	"\xbe\x4c\xf1\x0e\x09\x60\x6e\x22\x9f\xf2\x3c\x9d\x1b\x7c\x57\x21"
	"\x7e\x48\xf1\x2b\x27\x0b\xad\x21\x33\x87\x36\xab\x8d\x43\x4e\x24"
	"\x58\x75\x16\xa9\xfa\xf5\x55\x2a\x75\xbe\x1e\xdf\x3f\x3f\x5f\x7c"
	"\x71\xad\x33\x70\xb9\x6b\xec\x30\x22\x69\x63\x5e\x5a\x54\x22\xc4"
	"\x0b\x57\xb7\x2e\x91\x28\x46\x88\x73\xc1\x4c\x7b\x06\x11\x24\xb2"
	"\x0d\xad\x02\xf8\x65\x3f\x89\x4a\x9a\x61\x65\xc4\x95\x36\x4c\xb2"
	"\xdc\xda\x4e\x8b\xec\xa4\x86\x45\x56\x71\x7d\x2c\xe8\xea\x56\xd8"
	"\xa7\xba\x77\x75\x70\x7d\xaa\x2d\x20\xfd\x39\xa4\x4e\x0b\xeb\xa7"
	"\xeb\x94\x95\x04\x8b\xbd\x5d\x37\x2b\x7e\x1a\x05\xc8\x3e\xd9\x51"
	"\x45\x37\x3a\x7d\x45\x86\x6b\xce\xe4\xf3\x2b\x19\x5b\x91\xac\x66"
	"\xb2\xbf\x55\x5f\xeb\xd2\x0b\xa1\xbe\x69\xb2\x4a\x86\x25\x83\x00"
	"\xcc\x54\x17\x5b\xe6\x25\xc9\x56\x14\x67\xba\x48\xe4\xa1\xc5\x16"
	"\x6d\xf0\x7f\x0c\xa7\xbd\xc9\x86\xf7\x89\x70\x17\xa9\x08\x62\x22"
	"\xb7\xab\x13\x85\x5b\x80\x6a\xd7\x9a\x8a\x9d\xa0\x40\xb9\x54\x1e"
	"\xe7\xab\x8e\x2b\x53\xd6\x1d\x12\x1d\x26\x2a\x84\x02\x0b\x28\x2e"
	"\xb8\x1d\xb1\x24\x85\x73\x91\x86\x84\x5f\x75\xf4\x0d\xb5\x4b\x1a"
	"\x36\x93\x4d\x96\x6b\x62\xdb\x35\xde\x69\x9c\x54\x24\x0d\x4a\x0e"
	"\x3c\x63\x11\xe0\x24\xcf\x57\x7c\x61\x38\xc7\x28\x2c\x49\xaa\xb5"
	"\xea\xb6\x21\xd5\xda\x95\x22\xd9\x3a\xeb\xee\xa0\x93\xa5\x09\xa9"
	"\xab\x03\x7b\x58\x44\xc1\x3a\x0f\x34\x6b\x56\x89\x3b\xa3\x0e\x21"
	"\xe4\xcd\xee\x31\x74\x21\xc1\x79\x26\x16\xe4\x7e\xf8\x00\x3d\x14"
	"\x7a\xc0\x9d\x0c\x86\x6e\x7f\x99\xdc\xcd\xfd\x59\x27\x77\xb9\x2f"
	"\xe3\xfd\x9d\x33\xdb\xf9\x06\x9e\xcb\x03\x11\xb7\xe2\x8e\xfa\x4b"
	"\xa0\x69\x40\xa3\xc8\xf9\x5e\x74\x1a\x84\x92\xac\x40\x57\x47\x8e"
	"\x93\xc8\xf4\xe3\x4c\x31\x47\xf7\x5c\xd7\x40\x01\x77\x8f\xde\xd7"
	"\x52\xcf\x5c\x2e\x70\xda\x6d\xb6\x9f\x7b\xa9\x4b\x9c\x5a\x3a\x0a"
	"\xed\x77\x71\x61\x87\xab\xec\xf4\xd2\x2e\x17\x46\x4f\x18\x7f\x96"
	"\x52\x20\x71\xda\xf5\x25\x9d\x8f\xd1\x40\x76\x9b\x48\xf4\xb8\xb9"
	"\x13\xa7\xa3\x3a\x05\x5f\xab\x16\x85\xa6\x27\xd4\x25\x96\xc6\x23"
	"\xe0\xa1\xda\xa2\x4c\x32\xd6\x6a\x7e\x7f\x81\xd0\x0e\xd8\x26\x9e"
	"\x79\x2e\xcd\x71\xe5\xf6\x5b\x10\xd2\x62\x8d\x7d\x14\x32\x2c\xb7"
	"\xb0\x40\xbf\xc9\x23\x82\x1f\x14\x58\xbb\x12\x95\x9b\x49\xaa\x9e"
	"\x6d\xd4\xd8\x71\x85\xdc\xf3\x9b\x2d\xe7\x37\xb5\x0e\x50\x69\x57"
	"\xc8\xcb\xb9\x0e\x42\x9c\xd3\x68\xa0\x6b\xc4\xac\xd2\x00\x4d\xcf"
	"\x01\x9d\x55\xdc\x19\x15\xbf\x5e\x9e\x53\x27\xc4\x5f\x96\x01\x3a"
	"\xa7\xe2\x88\x23\x22\x03\x34\x3f\x07\x74\x4e\x17\x20\x4e\x64\x0d"
	"\xd0\xcd\x38\xe8\x66\x76\x46\x4e\x37\xe7\x0c\xf0\xcd\xec\x8c\x7e"
	"\xba\x99\x9f\x51\xa7\xeb\x2b\xbc\x9f\xf8\xfd\x19\x26\x7c\x7b\x3d"
	"\x9e\xcd\x64\x7a\x4e\xb5\x39\x0a\x9f\x04\xa4\x0a\x19\x73\x2f\xc8"
	"\xa1\x26\x13\x73\x85\xf5\x84\xe9\x68\x23\x66\xa3\x88\xf1\x8e\x58"
	"\x8c\x22\x96\xa3\x88\xab\x51\xc4\xcd\x28\x62\x32\xde\x98\xc9\x78"
	"\x6b\x26\x78\x73\x36\x39\xbb\x6e\x4b\x3f\xb9\x41\xc9\x10\xf3\x98"
	"\x9f\x97\x24\xf3\x22\x42\xca\x19\xa5\x70\x04\xc2\xb9\xe9\xa6\xcc"
	"\xfd\xa0\x32\xe7\xb7\xd5\xb1\xc2\x0e\x25\x43\xdf\x89\x7a\xd0\x8a"
	"\xd0\x51\x48\x49\xe9\xc6\x8b\x60\xbc\x5d\x58\x90\x84\x01\x93\x35"
	"\xac\x1e\xef\xbe\xb1\x46\xd5\x4d\xb9\x31\x02\xb0\x29\x08\x90\x0e"
	"\x69\xea\x82\x49\x8a\x46\x55\x6e\x48\xc2\xee\x88\x29\xf4\x15\x57"
	"\xf4\xcd\xf1\xe5\xe9\xf8\xfd\xe2\xdb\xfd\xc3\xdf\x8f\x4f\x5f\x7b"
	"\x05\xd6\x9f\x2f\x8f\x4f\x6f\x7f\x5f\xdc\x3f\x7d\xbe\xf8\xfc\xe3"
	"\xf8\xfa\xd5\x0e\x3c\x2d\x84\x98\x1b\xe1\x32\xc6\x90\x6c\x6e\xc4"
	"\xbd\x57\x7b\xa5\x91\xb7\x2f\x11\xf5\x23\xa1\x5b\x9a\x0c\x87\xee"
	"\x5c\xb9\x6a\xe4\x60\x0b\x26\x33\x10\x92\x23\xf7\x8d\xe9\x90\x91"
	"\x94\x85\x48\x58\xf4\xf0\xf9\xc7\xcf\xc7\xef\xc7\xdf\xde\x20\x18"
	"\xde\x03\x04\xc3\x7b\x15\x6d\x78\x90\xe9\x2f\x76\x33\x7a\xd5\x60"
	"\xa1\xad\xae\x84\x7a\xe8\x53\xc1\x10\xa6\x09\x29\x16\x14\x63\x80"
	"\xf1\x1b\x16\x32\xe4\x0a\x28\xda\x91\x32\x76\x2f\xdc\x55\x14\xb4"
	"\x55\x58\xb2\xa2\x76\x5e\x6e\xa5\x0f\x15\x10\x16\xf3\xfc\x0a\xf0"
	"\x05\x51\xd3\xc8\xf2\xb1\x92\x36\x55\x6d\x3e\x9c\x73\x26\x3d\x95"
	"\x5f\x7e\x9c\x5f\xde\x2c\x55\x6b\x51\x78\x62\x25\x15\x18\x77\xa5"
	"\x08\x53\x4c\x49\x24\xe3\x44\x21\x8f\x78\x4d\xd6\x54\x34\x82\x0c"
	"\x82\x3c\x41\xb8\x5c\x18\xf7\x7c\x97\x39\x5f\xb8\x3b\x8d\x77\x8d"
	"\xb3\x5c\xf3\x42\x21\x3e\x81\x68\x87\xa7\x47\x2b\xf9\x8a\x01\xa2"
	"\x86\x14\x34\x67\xdc\x8a\xca\x1a\x44\x76\x60\x9e\x25\x07\xd5\xb0"
	"\x42\xa4\x67\x75\xd7\x53\x45\x2e\x24\xf6\x95\xd9\x83\x5d\xba\x3d"
	"\x4b\xe2\xbc\x0c\x79\x07\x53\xb2\x11\x21\x15\x42\xa7\x8d\x41\x4a"
	"\xc0\x75\x95\xd0\xd1\x57\x1f\x31\x86\xc4\x41\x78\xd9\x59\xff\x4c"
	"\xf4\x1e\x92\x91\x71\x7a\x19\x7a\x7a\xfc\xf1\xfc\xf2\xcf\x45\x04"
	"\xaa\xf8\x5f\xe5\xa2\xd5\xbb\x9b\xee\x6b\x9a\x55\xc6\x6a\x37\xaa"
	"\x0d\x40\x92\x24\x79\x88\x8f\x1a\x6f\x72\x95\x67\x98\xa9\xd1\x29"
	"\x1b\x3e\x4f\x62\x0f\x24\x0f\xe0\xc1\x09\x51\x54\x48\x9a\xa0\x87"
	"\x65\x38\x02\x04\x96\xe8\xdb\x73\xd7\x45\x29\x4d\x13\x3e\x08\xf6"
	"\x00\xf5\x14\xdf\x5c\x02\x9b\x01\x6f\x40\x1b\x40\x6d\x53\x0f\xb1"
	"\x8b\xcd\x0b\x46\x06\xbe\xee\x92\x33\x84\x0f\x7d\xe1\x79\x4b\xe7"
	"\x33\x52\x18\x51\xa8\x6d\xc1\xac\x2a\x06\xf1\xdc\x26\xcc\xb5\xc8"
	"\xbe\xf0\xdb\xd7\xe4\x35\x2b\x6f\xed\xc7\x11\x61\xde\x01\xbe\xa3"
	"\xdf\x7f\xca\xad\x73\x7d\xff\xa4\x6a\xbc\xc3\x4b\x5b\x03\xce\x02"
	"\x20\x44\x93\x2a\x6e\x5d\x93\x32\x32\x88\x6d\x0e\x4a\x4f\xd0\x5e"
	"\xc5\xbf\x1a\xdf\xe5\xa5\x75\x83\xf2\x81\x61\x8f\x81\x63\x64\x80"
	"\xe3\xd3\xea\x38\x21\xc1\x72\x63\x2c\x37\x13\x63\xe6\xd6\x05\x53"
	"\x5e\x83\xc9\x97\x6e\x66\xd3\xaf\xce\x81\x24\xce\xbd\xbc\xa9\x3f"
	"\x4e\xa6\x97\xfa\x11\xd6\x55\x7c\x00\x8a\x92\x5c\xca\x3d\x18\xb6"
	"\xab\x95\x92\xed\xee\x76\xb0\x7e\x46\x16\x2b\x7c\x96\xdb\x6e\xc6"
	"\x5c\xf4\x21\x7b\x8d\xd8\x37\x67\x31\x6c\x9d\x7c\xfb\xb5\x22\x3e"
	"\xcb\x44\xf3\xb0\x1c\xb2\x2f\x85\xe1\x7d\x5e\xc3\xc3\xa7\x53\xaf"
	"\x15\x3e\x17\x4b\x59\x93\x4e\x88\x4c\xe5\x0a\xa4\x42\xf5\xd2\xbf"
	"\xef\x43\x55\x37\x94\x16\xee\x32\xfa\xb8\x8c\x46\x21\xdd\xea\xe3"
	"\xdc\x5d\x5a\xd4\x0e\x6b\x91\x87\xbf\x4f\xdb\xe9\xc5\xff\xbc\x76"
	"\xd1\x3a\x5f\xff\x75\xf1\xe3\xfd\xed\xf8\xeb\xc8\xff\x71\x7c\x7b"
	"\xf8\xfd\xf7\xdf\xff\x57\x8f\xa1\x25\xec\xe1\x6a\x7e\xee\xd6\x74"
	"\x4f\x2b\xdf\x6a\xe3\xd5\x85\xa9\xe7\xdb\x40\x46\x33\xd9\xed\x24"
	"\x88\xef\x89\xf9\x0e\x42\xc4\x79\xb0\xe2\x45\xdd\xb3\xbf\x97\xf9"
	"\x76\x78\x36\x47\x64\xb8\x3c\x03\xe8\x47\xf4\xd8\x26\x75\x0e\x9c"
	"\x58\x95\xf0\xc1\xb0\xfb\xba\xcb\x1b\x4c\x88\x06\x6f\x17\x15\x5e"
	"\x12\xdf\x2e\x6a\xb0\x9b\xc5\x8c\x24\x6b\xc5\xb8\xce\xdc\xdf\xe5"
	"\x01\xe3\x3f\x1e\xf8\x9f\x2d\x38\x06\xa9\xa8\xba\xaa\xfd\x94\x84"
	"\xe9\xc6\x4d\xdd\x24\x62\x82\xe0\x1b\x6c\xdf\x81\xd9\x5b\x0b\xf9"
	"\x06\x3a\xe4\x4c\x27\xbf\x1a\x31\x92\xd8\xcf\xd7\x65\xd8\x20\x27"
	"\xbf\x18\x52\x20\x3b\x8f\xd1\x02\x9e\x44\x81\xdc\x73\x32\x6e\xfb"
	"\x61\x64\x18\x4e\x2c\x21\x64\x40\xcb\xd8\x8f\x18\x19\x4d\x80\xc0"
	"\x29\xc8\x47\x35\x49\x86\xbd\x67\x3a\x31\x32\x41\x95\x8a\x81\x4a"
	"\x6f\x2b\x4f\xc4\xd0\x6e\xc1\xdc\x76\xdc\x59\x69\xf1\x65\x06\x52"
	"\x6a\xa0\x70\xbe\x09\x24\xe4\x48\xcc\x75\x5e\xe1\x3e\xb4\x22\xac"
	"\x0b\xea\x35\x18\xef\x87\x19\xe2\xe0\xe6\xa5\x5b\xe9\x46\x79\xf4"
	"\x47\x15\x73\x4e\xab\x84\x97\x98\x85\x87\x3a\x77\xbd\x18\x65\x79"
	"\x21\xbb\xab\x34\x02\x6d\xc7\x4d\x26\x59\x60\x3f\x75\x55\x92\x62"
	"\xed\xc6\xf4\x17\xae\xd8\x30\x6d\x95\x19\x88\xc4\x36\x0d\xf3\x26"
	"\x03\x7b\x82\x30\x57\x7d\x0f\x09\x08\xbc\xd8\x8a\x51\x06\xa4\x98"
	"\x7a\x95\x19\x0c\xbc\xfb\x50\xe6\xa2\x9a\xf0\x43\xde\x21\x8c\x8c"
	"\xe2\xf0\x47\x38\x8f\xec\xe3\xa8\xf5\xd7\x1f\xe1\x29\x12\xf0\x9a"
	"\x12\xd0\xaa\x68\xdc\xc5\x8a\x30\x9b\x7c\xac\xab\x1d\x83\x5b\x81"
	"\xd9\x6e\x2b\xa3\x2e\xc1\x76\x73\x11\x5b\x5b\x92\xd1\xe1\xc8\xe6"
	"\x2b\x8e\x21\xe1\xad\x06\x6a\x8e\x44\x9e\x28\x6f\x39\xc3\x12\x9f"
	"\x91\x91\x0f\x22\x4f\x57\x0f\x60\xbd\xe3\x33\xcb\x01\xd0\x6f\x96"
	"\x3d\x03\x24\x71\xda\xd1\xda\xcd\x81\x6e\x9c\x11\xef\xd1\xe2\xb3"
	"\xc1\xff\x8a\x8b\x1d\x2a\x49\x16\x8a\x98\xa7\xe2\x69\x2f\xcb\xf5"
	"\xc0\xe3\x7d\x3a\xc9\xf8\xc2\x82\xbb\x6f\xf7\x01\x72\x5e\x0e\x70"
	"\x70\x3c\xeb\x03\x4a\xb6\xc3\xd3\x3d\xf0\x5a\x06\x61\xec\x45\x3c"
	"\x3d\x63\x3f\x1a\x94\x70\x21\x18\x77\x6b\x68\x4e\x04\x45\xdc\x8d"
	"\xae\xa6\x23\xd0\x03\x75\xb7\x55\xc3\x24\x6d\x03\xbe\xc8\xd7\x29"
	"\x29\xdd\x9c\x82\x32\xfb\xff\x1f\x48\xb0\x95\xa8\x39\xd3\x8b\x6e"
	"\xd9\x72\x04\x69\xd6\xa4\x70\x31\x11\x4f\x3e\x88\xc3\x27\xc8\x55"
	"\xd6\x5f\xc4\x43\x1c\x7c\x8a\xbc\x3f\x09\x91\x4b\x7d\x7c\x7d\x33"
	"\x8e\xa5\x64\x13\x21\x4e\x66\xa0\x3a\xe2\x28\xe5\x8c\x79\xe9\xae"
	"\x98\xec\x5a\xd0\xb2\xe7\xd7\xaa\x03\xde\x80\xc1\xf4\x5e\x7a\xe3"
	"\xc4\xcf\xa6\x00\x14\xe7\x70\xba\x38\x18\x39\x83\xdc\xfa\x61\xf2"
	"\xf5\x17\x3b\xdd\x24\x5f\xb4\x9c\x0f\x6c\x8f\x36\xd4\xd0\xe8\x35"
	"\xdd\xa3\x2a\x01\x02\x00\xb2\x99\x0c\x44\x21\x49\x81\x71\x0a\x02"
	"\xb7\xe1\xc0\x3a\xdf\xe3\x00\x21\x4f\x8b\x71\x7a\xc0\x6a\x4c\xed"
	"\x5b\xd0\x9b\x86\x45\x38\xb5\xe4\xf7\xce\x75\x8d\x3a\x30\x95\x6d"
	"\x25\xd5\x1a\x0b\xcd\x28\x98\x43\xfc\x10\x97\x13\x64\xe3\x99\x3d"
	"\xa0\xa4\xc9\x77\xf3\xe2\xe0\x69\x61\xe1\x69\x7e\xaf\xfe\xee\x29"
	"\x01\x17\x45\xf2\x1b\x3f\xbe\xa2\xe4\x28\x12\x50\x97\xd9\xd0\x03"
	"\xa2\x5c\x21\xa4\x1e\xc2\xbf\x35\x58\x6a\x08\x2d\x76\x4c\x0a\x42"
	"\x20\x32\xee\x88\xc8\x60\x15\x69\xea\x04\xf0\xdb\x27\x30\x10\xee"
	"\x1e\xe4\xd2\x62\x77\x62\xaf\xd4\x03\xce\x76\x72\xb1\x1e\x98\xe5"
	"\x6d\xd6\x24\x6e\x6e\xc7\xf2\x1c\x61\x96\xc5\xb7\x50\xde\x5d\x2d"
	"\xab\xc4\x9d\x64\xa7\xbb\x7a\xee\x34\x9a\x25\x06\x8b\xf1\xce\xd7"
	"\x53\x51\xa3\xab\xa6\x60\x70\x2f\xed\x0f\x76\x16\x95\x9e\x6c\xf8"
	"\x79\x10\xe5\xe0\xfd\xab\x15\x4c\x80\xf4\x3b\x83\xde\x72\xc0\xd9"
	"\x49\x9a\x47\x0d\x3f\x4d\xca\x3c\xdb\xdb\xf7\x01\xa1\x28\xc8\x69"
	"\xa8\x9b\xf2\xc1\xdd\x96\xed\x5a\xe3\xf8\xf0\xfe\x02\x21\x0d\x2c"
	"\xb1\x34\xcc\x19\xed\xfc\xe3\xdb\x00\x18\x89\xf1\x13\x82\x93\x60"
	"\x73\x40\xa6\x54\xf7\x2d\xe2\x88\x5c\x68\x32\xf1\xc3\x13\x85\x08"
	"\x6d\xa5\xb5\xa2\xf8\x8d\xfb\x38\x82\x0d\x39\x4a\x69\x25\x3c\xc2"
	"\x88\x11\x74\x4b\x60\x25\x52\xdc\x19\xba\x93\xa3\xc7\x6b\x2e\x10"
	"\x1a\x4b\xa9\xaa\x4b\x73\xbe\xe2\x0f\xf9\x76\x6a\x0a\xae\x0f\x07"
	"\x15\x86\x7d\x5c\xa6\xfe\x76\x98\x97\xe9\xc1\xad\x72\x0a\x71\x51"
	"\x0b\x50\x57\x69\x49\x14\x95\x52\x84\xae\xae\x3c\x90\x50\x51\xd0"
	"\x13\x85\xad\x08\x76\x22\x79\xe9\x26\x86\x6c\xac\x5f\xa3\x16\x5c"
	"\x17\xa0\x99\xa4\x13\x97\x66\x15\x03\x82\x57\x7e\xa9\xcb\x7c\x9d"
	"\xd3\x29\xff\x3a\x3b\xa7\x57\x0c\x1e\xe4\x50\xfe\x1e\xea\xe1\xb8"
	"\x23\x2b\x1b\x0a\x2f\x3d\x79\x61\x8f\xf2\x80\x20\xdb\x70\x10\xd5"
	"\x60\x18\x21\x0e\x2a\xe9\x2d\x44\x85\xb7\x45\x63\x27\x78\x8a\x05"
	"\x9d\x1e\x20\xfc\x58\xce\x0f\xb9\x1f\x43\x0a\xde\x17\x69\x5e\xfa"
	"\x51\x49\x4e\xa2\x82\x65\x7e\xd0\x81\xa4\x2e\xb7\x99\x29\x9c\x69"
	"\x51\xae\xea\x97\x9f\x34\x84\x3b\x9e\x4a\x89\xd8\x52\x03\x2b\x2c"
	"\x7d\x8a\x21\x31\x5d\xf8\xc5\x31\x6e\xc1\xf5\xb7\x9b\x7e\x8a\x5e"
	"\x80\x7e\x5f\x53\x50\x69\xac\x50\x3a\x44\x37\x70\xdc\x75\x15\x9e"
	"\x69\xa5\xdb\xa9\x0c\x49\x2d\xdf\xf7\x32\x02\xa2\x00\x17\x91\x54"
	"\x87\x34\xa5\xb0\x15\xf4\xfb\x9d\x0d\x69\x22\xa6\xf1\x4f\x2c\x45"
	"\x42\x79\x23\xc2\xf9\xd8\x88\xd2\xde\x5f\x0d\x89\x66\x40\xca\x7f"
	"\xb6\x5b\xc4\xa9\x09\x90\xe6\x38\x69\xe1\xce\xbd\xdd\x2e\x1d\x93"
	"\x3a\xaa\x4c\x0b\xfe\x9e\x40\x63\xba\x77\x9e\x41\xf2\xde\xe5\x5b"
	"\xd2\x16\xc6\x88\x48\x89\xc0\x3e\x7e\x78\x3d\x7e\x7f\x7c\x7a\xff"
	"\xa5\x28\xc8\x47\x11\x29\x9d\x7a\x9b\xfc\xd8\x18\x98\xfd\xf0\xe5"
	"\x9f\x9f\x6f\xcf\x17\x0f\xcf\x2f\xc7\x8b\xe7\x97\x8b\x6f\xc7\xef"
	"\x3f\x55\x9b\x44\x09\xe6\x1d\x5f\xa8\x37\x6e\x99\x48\x92\x15\x51"
	"\x5d\x81\x6a\xc9\x53\x3b\x9d\xaa\x3e\x92\x94\x44\x1b\xca\xef\x69"
	"\x21\x2b\xd6\xea\x35\xde\xa4\xd8\x1f\x01\x6f\xea\x4c\xb4\xa1\xa5"
	"\x2a\x0f\x38\xa5\x39\x81\xc3\xeb\xb6\x55\x75\xb4\x26\x04\xab\xfd"
	"\xa6\x28\x1c\x68\xd0\x17\x74\x14\x5d\x11\xcd\x5e\x47\xa6\x46\x6e"
	"\xf6\xbb\xa3\xd2\x30\x5a\xa3\x23\x0e\x66\x56\x64\xe5\xa8\x55\x97"
	"\x3e\x75\x14\x07\x07\x94\xaf\xc0\xee\xd3\xfe\x20\x69\x2d\xb9\xb0"
	"\x0e\x5f\xc5\x93\xe9\x75\xda\x24\x56\x15\x32\x19\xa3\xc6\x4e\x74"
	"\x55\xaa\x10\x7f\xe3\xa5\x00\x9b\x70\xdb\xd0\x86\x5a\x39\x8a\xbf"
	"\x22\x47\x96\xa9\xa4\xe0\x79\x42\x84\x0e\xaa\x9a\xa3\x76\xe9\xdd"
	"\x8d\xd0\x00\x83\x9c\x41\x5e\xf7\xfa\x65\x46\xde\xdf\xbe\x41\x50"
	"\xb4\x87\xfb\xb7\xe3\xe7\x0b\xfa\xf4\x00\xcb\x0e\xfc\x0c\xfe\xe7"
	"\xf1\xed\xdb\x05\x79\x7d\x7d\x7e\x78\x14\xa4\xe8\xfe\xed\xde\x5a"
	"\x7e\x61\x98\x5a\x85\xac\xc2\xd4\xd1\x10\x7e\x3a\xf0\xff\xa7\x97"
	"\x45\x9e\x1c\x26\x33\xb7\xe7\x53\x89\xac\xe8\x2d\xdb\x5a\xb9\x52"
	"\xfe\x35\xcb\x04\x41\xc6\x5c\x12\xd1\x6b\x7f\x3c\x7f\x3e\xbe\xda"
	"\xb5\x0a\xec\xfe\x08\xeb\xd2\x91\x56\x39\xca\x09\x1c\xb5\x4f\x74"
	"\xab\x13\x7b\xe0\x83\x10\x6f\xd0\x5e\x17\xc3\xf4\x4b\x8e\x1e\x76"
	"\x25\x72\x29\xee\x87\x2b\x62\xfc\x66\xd4\xa4\x76\x40\xd6\xfb\xd7"
	"\x6f\x58\xdb\x39\x87\x62\x6f\x36\x32\xd1\xcc\x7f\x6f\x54\xdb\xa4"
	"\x6f\x53\x47\xd0\xe1\xe8\xf1\xab\xf4\x3c\x69\xce\xe0\x70\x36\x75"
	"\x74\x3b\x24\xbb\xa6\x43\x19\xd6\x93\xcb\x88\xc5\x9e\x35\xd9\xed"
	"\x9b\x56\x67\x3b\x66\x90\xb5\x6c\xa2\xb9\x67\xbb\x89\x16\xae\x95"
	"\xc6\xf8\x0c\xa3\x49\x8b\xb1\x38\xfd\xee\x97\x46\x13\x2c\xd2\xc6"
	"\x09\x81\xc5\xc7\x18\x10\xd3\xc5\x72\x04\xe1\xf6\xfc\xd2\xaf\x91"
	"\x35\x99\x58\x7d\xcd\x13\x79\xb6\xae\xe4\xc5\xc4\x35\x06\x9c\x30"
	"\xf3\x55\xa2\x5e\x95\x93\x9b\xa9\x0f\xb1\x2b\x16\x13\x3b\x8a\x61"
	"\xf8\xf8\xf3\x9b\xe6\x15\x60\x38\x52\x5d\xeb\x80\x64\x4d\xc0\x3c"
	"\x5b\x33\xbf\xd0\xcc\x1d\x9f\x05\xfc\x7e\x1f\xb3\xca\x7b\xea\x80"
	"\xdb\x9f\x24\x61\xc4\x8f\xa9\xea\xc5\x18\x60\x89\x57\x2f\x72\x36"
	"\x2a\xb6\x4e\x02\x6b\xf9\xaf\xc9\x1d\x89\x7c\x88\x8a\x24\x15\x99"
	"\x7a\x27\x52\xbf\xa9\x7a\xb3\xa1\xd4\x5f\x0c\x2d\x0b\x7e\x5f\xf6"
	"\x4e\x04\x4a\xf0\x0e\xe0\x97\x5f\x18\x07\xfb\x00\x92\xe9\x27\xe7"
	"\x6c\x46\xbf\xb1\xea\xc4\x8c\x58\xcc\xc4\x40\xf4\x68\xe0\x41\xac"
	"\x4c\x19\xaa\xdc\x1c\x91\x18\x5e\xb1\xac\x12\x93\xbb\xdc\x51\xd4"
	"\xf5\xdc\x3b\xc3\x31\x1b\x99\x13\x79\xed\xdd\x2e\xee\x2a\xfd\xf0"
	"\x96\x72\xec\xfb\xa7\xcf\xcf\x3f\x2e\xb2\xf7\x1f\x9f\x8e\x2f\x7d"
	"\x04\x76\x23\xea\xfa\xb0\x3a\x2a\xd6\x86\x45\xe9\xd4\x42\xe8\x1b"
	"\x5c\x82\x8d\x26\xcd\x1a\xbb\x93\x81\x82\x6c\xfe\x92\x46\xfc\x2b"
	"\x48\x80\xc2\xba\xf4\x17\x6e\x95\xfb\x17\x83\x98\x52\x14\xee\x72"
	"\xba\x80\x41\xe1\xde\x84\x54\x76\xac\xfc\x01\xd8\xcf\x87\xb3\xc0"
	"\x25\xa2\x6c\x60\xe2\x80\xc7\xc7\x5b\x06\x75\xb3\xb4\x50\x86\x33"
	"\x48\x04\xd6\x8a\x69\x59\x0a\x55\x15\xe6\xe1\xfa\x04\x16\x66\xa4"
	"\x74\x0d\xdb\x39\x0f\x71\xe6\x38\xa0\x3c\xb5\xda\xb9\xc6\x92\x6e"
	"\xdb\x6a\xe1\xe5\x25\x00\x12\x86\x05\xee\x68\x3d\x4e\x0b\xcb\x39"
	"\x3e\x4f\x33\x6e\x58\x59\x1e\x89\x30\x61\xc3\xab\x43\x1b\x13\x96"
	"\xd8\x7a\x3a\x16\xc4\x25\xb6\xd5\x2e\xe6\xbd\xf7\x35\x9b\x58\x34"
	"\x41\xd2\x61\xaa\x26\xd0\x61\xfb\xc5\xe5\x4d\x1b\xd2\x12\x9e\xc1"
	"\x41\x5b\xb5\x15\x0a\x08\xda\x9e\x52\x6c\xc2\xea\x6a\xd0\x0d\x96"
	"\x74\x7b\x43\x81\x40\xf1\x5f\x04\x17\xfc\x2a\x5c\x6c\xbf\x3e\x7e"
	"\x7d\x92\x01\x5b\x85\x82\xaf\xf1\xdc\x24\x4d\x95\x06\xaf\xea\x9d"
	"\xb0\xd4\x29\x9a\x06\x59\xf0\x70\xb3\xb5\x4f\xf1\x1e\x41\x9d\xc7"
	"\xb9\x4a\x35\x47\x54\xf0\x47\x03\xc0\x73\x80\xd2\xca\x97\x8d\x4a"
	"\x06\x7e\xfe\xbc\x8c\xe0\xbe\xeb\xcd\x2c\xa3\x79\x06\x20\xef\xf1"
	"\x05\xcc\xa1\xc4\xbb\xde\x6a\x59\x06\x0e\xac\xe5\xdb\x52\xcf\xf6"
	"\x27\x8f\x9f\x5e\xee\x5f\xfe\xb9\x78\x79\x7e\x7f\x7b\x7c\x52\xf9"
	"\xdf\x80\xfd\xb7\xaf\x2b\xda\x6e\x10\x84\xa1\xdf\xb4\x1d\x4f\xe7"
	"\xab\x20\x5a\x36\x10\x06\x7a\x66\x7d\xf1\xff\xff\xa2\x04\x6a\x0d"
	"\x12\xf6\xd8\x7b\x63\x6b\x41\x30\x10\x92\x3b\x83\x96\xa3\xf3\x82"
	"\xda\x11\xa5\xd8\xb4\xf7\x8c\xd5\x46\x0e\x4d\x28\x3f\xbb\x89\xdb"
	"\xc7\x3e\x38\xa3\x8f\x12\x1d\x84\x89\x12\x53\x85\x9d\x04\xd4\x55"
	"\x90\x38\x09\xec\xad\x37\xc5\xe5\x2e\x8d\xc6\x55\xb9\x0f\x4a\x9a"
	"\xcb\x81\xe1\x28\x3b\xa1\xed\xca\xef\xe9\xfc\x92\x13\x03\x7e\x4c"
	"\x38\x28\x34\xcc\xd9\x32\x8f\x7f\xe4\xf2\x10\xc1\xa6\xf4\xb3\x33"
	"\x5a\xce\xcb\x4e\xcf\x37\x85\xe7\x0e\xbd\x45\x49\x0a\xe5\x06\x61"
	"\xac\x0a\xf6\x68\x89\x4b\x13\x53\x7b\xa1\x46\x93\xce\xfd\xd5\x74"
	"\x1c\x93\x05\x93\x35\x57\x85\x7f\x51\x7b\xeb\x92\xbd\x57\x26\xd8"
	"\x96\xaa\x78\x11\x77\x01\x8f\xce\xc0\x75\x4b\x00\x8e\xfd\x01\x1b"
	"\x22\x5d\xd5\xa4\x60\xcf\x80\x70\x8c\x05\xfd\xdf\x7a\x31\xd1\x33"
	"\xbc\x6e\x72\xdf\x25\xa2\x85\x47\x83\x93\x3e\x73\x34\xa5\x0f\x5f"
	"\xf1\x86\xc4\xd7\x0d\xe0\xeb\xe7\x7d\x6d\x6f\x05\x16\x75\xb6\x6c"
	"\x69\x2b\xbb\x5b\x53\x80\x61\x40\x53\xd8\x7c\x5f\x34\x2b\x08\x38"
	"\x31\x56\x7e\x2f\xe3\xdf\xb8\xfd\x5e\x68\xa5\xe5\xce\xff\xb6\x8f"
	"\x1b\x56\x82\x46\x04\x0b\xc4\x27\xc9\xa8\x4d\x77\x24\x11\xd3\x9b"
	"\x29\x7b\x53\xc1\x9b\x72\x44\x13\x51\x1a\x27\xe0\x1c\xaa\x51\x26"
	"\xf3\x8a\x31\x0a\x11\xb4\xb6\x42\x85\x1f\x44\x14\x44\x16\xbd\x80"
	"\x47\x93\xc2\xf6\x1f\xfc\x4a\x47\x38\xd3\x24\x3c\x78\xac\x83\xed"
	"\xbd\xe1\xb2\x83\x9a\x74\xa1\xf3\x5c\x97\x85\x90\x3c\xcc\x60\x42"
	"\x5f\xa1\x57\xf5\x48\x9b\xe3\x3d\x6e\x5f\x3f\xaa\xd4\x28\x68\xd2"
	"\xb2\x4b\x58\xef\xe2\xab\xfa\x5f\x85\x93\x67\xf3\xe2\x33\x5c\x6d"
	"\x50\x81\x31\x1b\xcf\xc6\xf5\x95\x55\x7b\x5f\x89\xd1\xc2\xa9\x28"
	"\x6b\x14\xe5\x96\x68\x2b\x53\xc6\xfc\x71\xcb\x65\x70\x21\xf0\x03"
	"\x2e\xdd\x0f\xa2\x0b\xa9\xbe\xa6\xcb\x83\x8b\x63\x99\xb1\x73\x52"
	"\xd6\x18\x75\x99\xf0\xa1\xbd\x7c\x54\x9b\x94\x58\xf5\x22\x9d\x9f"
	"\x08\xc0\x13\x14\x9c\x9d\x6f\xa5\x83\x02\x00"
MAGIC_END;
